seconds,velocity
0,0
0.01,0.24358263354000004
0.02,0.48716523131000444
0.03,0.7307477217700431
0.04,0.9743300333802403
0.05,1.217912094600899
0.06,1.4614938338925847
0.07,1.7050751797162096
0.08,1.948656060533117
0.09,2.192236404805164
0.1,2.435816140994808
0.11,2.679395197565188
0.12,2.92297350298021
0.13,3.1665509857046317
0.14,3.410127574204145
0.15,3.653703196945461
0.16,3.897277782396394
0.17,4.140851259025946
0.18,4.384423555304387
0.19,4.627994599703347
0.2,4.871564320695891
0.21,5.11513264675661
0.22,5.358699506361699
0.23,5.602264827989046
0.24,5.8458285401183145
0.25,6.089390571231027
0.26,6.332950849810648
0.27,6.57650930434267
0.28,6.820065863314696
0.29,7.063620455216525
0.3,7.307173008540236
0.31,7.550723451780267
0.32,7.794271713433507
0.33,8.037817721999374
0.34,8.2813614059799
0.35,8.524902693879822
0.36,8.768441514206648
0.37,9.011977795470765
0.38,9.255511466185503
0.39,9.499042454867228
0.4,9.742570690035425
0.41,9.986096100212782
0.42,10.229618613925274
0.43,10.473138159702243
0.44,10.716654666076487
0.45,10.960168061584342
0.46,11.203678274765766
0.47,11.447185234164417
0.48,11.690688868327753
0.49,11.934189105807095
0.5,12.177685875157728
0.51,12.421179104938975
0.52,12.664668723714284
0.53,12.908154660051308
0.54,13.151636842521999
0.55,13.39511519970268
0.56,13.638589660174137
0.57,13.882060152521694
0.58,14.125526605335308
0.59,14.368988947209646
0.6,14.612447106744165
0.61,14.855901012543207
0.62,15.09935059321607
0.63,15.342795777377102
0.64,15.58623649364578
0.65,15.829672670646788
0.66,16.073104237010117
0.67,16.316531121371135
0.68,16.559953252370665
0.69,16.803370558655086
0.7,17.046782968876407
0.71,17.290190411692354
0.72,17.53359281576644
0.73,17.77699010976808
0.74,18.02038222237263
0.75,18.263769082261515
0.76,18.50715061812228
0.77,18.750526758648693
0.78,18.99389743254082
0.79,19.237262568505106
0.8,19.48062209525446
0.81,19.72397594150835
0.82,19.967324035992867
0.83,20.210666307440825
0.84,20.45400268459184
0.85,20.697333096192395
0.86,20.940657470995962
0.87,21.18397573776305
0.88,21.4272878252613
0.89,21.670593662265574
0.9,21.91389317755803
0.91,22.157186299928213
0.92,22.400472958173125
0.93,22.64375308109733
0.94,22.887026597513014
0.95,23.130293436240084
0.96,23.373553526106246
0.97,23.616806795947085
0.98,23.860053174606154
0.99,24.103292590935045
1.0,24.346524973793496
1.01,24.589750252049456
1.02,24.832968354579158
1.03,25.076179210267227
1.04,25.319382748006745
1.05,25.56257889669935
1.06,25.805767585255303
1.07,26.048948742593574
1.08,26.29212229764193
1.09,26.53528817933702
1.1,26.77844631662445
1.11,27.021596638458867
1.12,27.264739073804048
1.13,27.507873551632986
1.14,27.751000000927952
1.15,27.9941183506806
1.16,28.237228529892043
1.17,28.48033046757293
1.18,28.723424092743535
1.19,28.966509334433834
1.2,29.2095861216836
1.21,29.452654383542463
1.22,29.695714049070016
1.23,29.93876504733589
1.24,30.181807307419827
1.25,30.424840758411776
1.26,30.66786532941196
1.27,30.91088094953098
1.28,31.153887547889884
1.29,31.396885053620238
1.3,31.639873395864235
1.31,31.882852503774757
1.32,32.12582230651547
1.33,32.36878273326088
1.34,32.61173371319646
1.35,32.8546751755187
1.36,33.0976070494352
1.37,33.34052926416472
1.38,33.58344174893735
1.39,33.82634443299446
1.4,34.06923724558892
1.41,34.31212011598509
1.42,34.55499297345892
1.43,34.79785574729806
1.44,35.04070836680191
1.45,35.283550761281724
1.46,35.52638286006068
1.47,35.76920459247396
1.48,36.01201588786886
1.49,36.25481667560482
1.5,36.49760688505355
1.51,36.74038644559909
1.52,36.98315528663791
1.53,37.22591333757897
1.54,37.46866052784382
1.55,37.71139678686665
1.56,37.95412204409443
1.57,38.19683622898693
1.58,38.43866551719466
1.59,38.67932213019149
1.6,38.91881357599835
1.61,39.15714729980714
1.62,39.394330684637815
1.63,39.630371051987055
1.64,39.865275662469024
1.65,40.09905171644796
1.66,40.33170635466298
1.67,40.56324665884504
1.68,40.793679652326325
1.69,41.023012300642065
1.7,41.25125151212485
1.71,41.478404138491705
1.72,41.704476975423894
1.73,41.929476763139625
1.74,42.153410186959704
1.75,42.376283877866314
1.76,42.598104413054934
1.77,42.818878316479584
1.78,43.03861205939136
1.79,43.25731206087055
1.8,43.474984688352194
1.81,43.69163625814538
1.82,43.90727303594621
1.83,44.12190123734468
1.84,44.335527028325366
1.85,44.54815652576219
1.86,44.75979579790724
1.87,44.970450864873754
1.88,45.18012769911335
1.89,45.38883222588759
1.9,45.59657032373392
1.91,45.803347824926156
1.92,46.00917051592943
1.93,46.214044137849875
1.94,46.417974386878925
1.95,46.62096691473246
1.96,46.823027329084766
1.97,47.02416119399743
1.98,47.22437403034319
1.99,47.42367131622494
2.0,47.62205848738972
2.01,47.819540937638024
2.02,48.01612401922828
2.03,48.211813043276685
2.04,48.40661328015244
2.05,48.60052995986841
2.06,48.79356827246726
2.07,48.985733368403224
2.08,49.177030358919446
2.09,49.36746431642103
2.1,49.557040274843835
2.11,49.745763230019065
2.12,49.93363814003367
2.13,50.12066992558676
2.14,50.306863470341874
2.15,50.492223621275315
2.16,50.676755189020554
2.17,50.860462948208756
2.18,51.04335163780548
2.19,51.225425961443555
2.2,51.40669058775231
2.21,51.58715015068305
2.22,51.76680924983095
2.23,51.94567245075331
2.24,52.1237463826729
2.25,52.30104803474441
2.26,52.477585867393195
2.27,52.65336818657495
2.28,52.82840314769977
2.29,53.002698759428874
2.3,53.17626288734909
2.31,53.349103257529755
2.32,53.52122745996681
2.33,53.69264295191816
2.34,53.86335706113475
2.35,54.03337698899105
2.36,54.20270981351901
2.37,54.371362492348794
2.38,54.539341865560175
2.39,54.7066546584474
2.4,54.8733074842012
2.41,55.03930684651058
2.42,55.20465914208751
2.43,55.36937066311723
2.44,55.53344759963688
2.45,55.696896041844845
2.46,55.859721982343494
2.47,56.02193131831749
2.48,56.18352985364995
2.49,56.344523300978665
2.5,56.50491728369432
2.51,56.664717337882855
2.52,56.823928914213774
2.53,56.982557379776225
2.54,57.14060801986465
2.55,57.298086039715635
2.56,57.45499656619762
2.57,57.611344649455084
2.58,57.76713526450849
2.59,57.9223733128117
2.6,58.077063623768026
2.61,58.231210956206404
2.62,58.38481999981879
2.63,58.53789537656024
2.64,58.690441642012665
2.65,58.842463286713446
2.66,58.99396473745014
2.67,59.14495035852212
2.68,59.29542445297033
2.69,59.445391263776116
2.7,59.59485497502997
2.71,59.743819713071254
2.72,59.89228954759972
2.73,60.04026849275955
2.74,60.18776050819704
2.75,60.33476950009233
2.76,60.48129932216629
2.77,60.62735377666311
2.78,60.77293661530931
2.79,60.91805154024992
2.8,61.062702204962456
2.81,61.20689221514937
2.82,61.350625129609504
2.83,61.49390446108925
2.84,61.63673367711396
2.85,61.779116200800054
2.86,61.92105541164861
2.87,62.062554646320685
2.88,62.203617199395076
2.89,62.34424632410886
2.9,62.48444523308134
2.91,62.624217099021685
2.92,62.76356505542086
2.93,62.902492197228156
2.94,63.0410015815128
2.95,63.179096228111035
2.96,63.31677912025904
2.97,63.45405320521212
2.98,63.590921394850376
2.99,63.72738656627149
3.0,63.86345156237067
3.01,63.99911919240822
3.02,64.13439223256516
3.03,64.26927342648698
3.04,64.40376548581595
3.05,64.53787109071249
3.06,64.67159289036526
3.07,64.80493350349116
3.08,64.93789551882456
3.09,65.0704814955968
3.1,65.20269396400559
3.11,65.33453542567513
3.12,65.46600835410668
3.13,65.59711519512014
3.14,65.72785836728667
3.15,65.8582402623528
3.16,65.98826324565584
3.17,66.11792965653137
3.18,66.2472418087124
3.19,66.37620199072084
3.2,66.50481246625121
3.21,66.63307547454701
3.22,66.7609932307696
3.23,66.88856792636012
3.24,67.01580172939431
3.25,67.14269678493064
3.26,67.26925521535169
3.27,67.39547912069924
3.28,67.5213705790027
3.29,67.64693164660169
3.3,67.7721643584623
3.31,67.89707072848768
3.32,68.02165274982261
3.33,68.14591239515262
3.34,68.2698516169975
3.35,68.39347234799939
3.36,68.51677650120571
3.37,68.6397659703468
3.38,68.76244263010862
3.39,68.88480833640047
3.4,69.00686492661785
3.41,69.12861421990075
3.42,69.25005801738713
3.43,69.37119810246207
3.44,69.49203624100235
3.45,69.61257418161684
3.46,69.73281365588257
3.47,69.85275637857671
3.48,69.9724040479045
3.49,70.09175834572322
3.5,70.21082093776224
3.51,70.32959347383928
3.52,70.44807758807312
3.53,70.56627489909235
3.54,70.68418701024083
3.55,70.80181550977962
3.56,70.91916197108529
3.57,71.0362279528452
3.58,71.15301499924922
3.59,71.26952464017843
3.6,71.38575839139055
3.61,71.50171775470241
3.62,71.61740421816923
3.63,71.73281925626115
3.64,71.84796433003669
3.65,71.96284088731346
3.66,72.07745036283606
3.67,72.19179417844126
3.68,72.30587374322045
3.69,72.41969045367958
3.7,72.53324569389645
3.71,72.64654083567545
3.72,72.75957723869998
3.73,72.87235625068217
3.74,72.9848792075106
3.75,73.09714743339534
3.76,73.20916224101089
3.77,73.32092493163685
3.78,73.43243679529641
3.79,73.54369911089258
3.8,73.65471314634244
3.81,73.76548015870927
3.82,73.87600139433252
3.83,73.98627808895604
3.84,74.09631146785405
3.85,74.20610274595546
3.86,74.31565312796607
3.87,74.42496380848911
3.88,74.53403597214377
3.89,74.64287079368216
3.9,74.75146943810431
3.91,74.85983306077159
3.92,74.9679628075184
3.93,75.07585981476215
3.94,75.18352520961167
3.95,75.290960109974
3.96,75.39816562465965
3.97,75.50514285348626
3.98,75.61189288738072
3.99,75.71841680847989
4.0,75.82471569022982
4.01,75.93079059748352
4.02,76.03664258659735
4.03,76.14227270552593
4.04,76.24768199391583
4.05,76.35287148319786
4.06,76.45784219667799
4.07,76.56259514962704
4.08,76.66713134936913
4.09,76.77145179536879
4.1,76.87555747931694
4.11,76.97944938521555
4.12,77.08312848946127
4.13,77.18659576092777
4.14,77.28985216104697
4.15,77.39289864388915
4.16,77.495736156242
4.17,77.59836563768849
4.18,77.70078802068373
4.19,77.80300423063076
4.2,77.90501518595538
4.21,78.00682179817981
4.22,78.1084249719955
4.23,78.20982560533483
4.24,78.311024589442
4.25,78.41202280894277
4.26,78.51282114191346
4.27,78.61342045994891
4.28,78.71382162822955
4.29,78.81402550558764
4.3,78.91403294457247
4.31,79.01384479151501
4.32,79.11346188659135
4.33,79.21288506388555
4.34,79.3121151514516
4.35,79.41115297137446
4.36,79.5099993398306
4.37,79.6086550671474
4.38,79.707120957862
4.39,79.80539781077937
4.4,79.90348641902955
4.41,80.00138757012422
4.42,80.0991020460126
4.43,80.19663062313646
4.44,80.2939740724846
4.45,80.39113315964663
4.46,80.48810864486593
4.47,80.58490128309208
4.48,80.68151182403257
4.49,80.77794101220394
4.5,80.87418958698208
4.51,80.9702582826522
4.52,81.06614782845791
4.53,81.16185894864984
4.54,81.2573923625336
4.55,81.3527487845172
4.56,81.44792892415785
4.57,81.54293348620816
4.58,81.63776317066181
4.59,81.73241867279872
4.6,81.82690068322952
4.61,81.92120988793965
4.62,82.01534696833278
4.63,82.10931260127383
4.64,82.2031074591314
4.65,82.29673220981967
4.66,82.39018751683989
4.67,82.48347403932125
4.68,82.57659243206143
4.69,82.66954334556651
4.7,82.76232742609045
4.71,82.85494531567417
4.72,82.94739765218408
4.73,83.03968506935026
4.74,83.13180819680406
4.75,83.22376766011539
4.76,83.31556408082949
4.77,83.4071980765033
4.78,83.49867026074146
4.79,83.5899812432317
4.8,83.68113162978018
4.81,83.772122022346
4.82,83.86295301907562
4.83,83.95362521433684
4.84,84.04413919875223
4.85,84.13449555923233
4.86,84.22469487900848
4.87,84.3147377376651
4.88,84.4046247111719
4.89,84.49435637191547
4.9,84.58393328873056
4.91,84.67335602693119
4.92,84.76262514834107
4.93,84.85174121132415
4.94,84.94070477081436
4.95,85.02951637834528
4.96,85.11817658207946
4.97,85.20668592683737
4.98,85.295044954126
4.99,85.38325420216725
5.0,85.47131420592595
5.01,85.55922549713746
5.02,85.64698860433526
5.03,85.73460405287788
5.04,85.82207236497584
5.05,85.9093940597181
5.06,85.99656965309833
5.07,86.08359965804087
5.08,86.1704845844264
5.09,86.25722493911732
5.1,86.3438212259829
5.11,86.43027394592409
5.12,86.51658359689819
5.13,86.60275067394315
5.14,86.68877566920162
5.15,86.77465907194478
5.16,86.86040136859592
5.17,86.94600304275373
5.18,87.03146457521544
5.19,87.11678644399954
5.2,87.20196912436852
5.21,87.28701308885107
5.22,87.37191880726434
5.23,87.4566867467357
5.24,87.54131737172455
5.25,87.62581114404367
5.26,87.71016852288042
5.27,87.79438996481788
5.28,87.87847592385546
5.29,87.9624268514296
5.3,88.04624319643406
5.31,88.12992540524016
5.32,88.21347392171664
5.33,88.29688918724948
5.34,88.38017164076138
5.35,88.46332171873117
5.36,88.54633985521292
5.37,88.62922648185496
5.38,88.71198202791861
5.39,88.79460692029676
5.4,88.87710158353225
5.41,88.9594664398362
5.42,89.04170190910585
5.43,89.12380840894261
5.44,89.20578635466958
5.45,89.28763615934919
5.46,89.3693582338004
5.47,89.45095298661599
5.48,89.53242082417937
5.49,89.61376215068165
5.5,89.69497736813807
5.51,89.77606687640461
5.52,89.85703107319434
5.53,89.93787035409352
5.54,90.01858511257772
5.55,90.09917574002758
5.56,90.1796426257446
5.57,90.25998615696668
5.58,90.34020671888351
5.59,90.42030469465186
5.6,90.50028046541071
5.61,90.58013441029614
5.62,90.6598669064563
5.63,90.73947832906596
5.64,90.81896905134116
5.65,90.89833944455356
5.66,90.97758987804474
5.67,91.05672071924036
5.68,91.13573233366412
5.69,91.21462508495172
5.7,91.29339933486447
5.71,91.37205544330307
5.72,91.45059376832096
5.73,91.52901466613778
5.74,91.60731849115257
5.75,91.6855055959569
5.76,91.76357633134782
5.77,91.84153104634085
5.78,91.9193700881826
5.79,91.99709380236355
5.8,92.07470253263044
5.81,92.15219662099874
5.82,92.22957640776498
5.83,92.30684223151889
5.84,92.38399442915548
5.85,92.461033335887
5.86,92.53795928525484
5.87,92.6147726091412
5.88,92.69147363778079
5.89,92.76806269977234
5.9,92.84454012209007
5.91,92.92090623009493
5.92,92.99716134754593
5.93,93.07330579661127
5.94,93.14933989787923
5.95,93.22526397036926
5.96,93.30107833154274
5.97,93.37678329731375
5.98,93.45237918205962
5.99,93.52786629863162
6.0,93.60324495836531
6.01,93.67851547109093
6.02,93.75367814514371
6.03,93.82873328737395
6.04,93.90368120315728
6.05,93.97852219640448
6.06,94.05325656957154
6.07,94.1278846236694
6.08,94.20240665827373
6.09,94.27682297153461
6.1,94.3511338601861
6.11,94.42533961955569
6.12,94.49944054357378
6.13,94.57343692478294
6.14,94.64732905434725
6.15,94.72111722206137
6.16,94.79480171635974
6.17,94.86838282432551
6.18,94.94186083169953
6.19,95.01523602288918
6.2,95.08850868097721
6.21,95.16167908773039
6.22,95.2347475236082
6.23,95.30771426777137
6.24,95.38057959809038
6.25,95.45334379115391
6.26,95.52600712227714
6.27,95.59856986551007
6.28,95.67103229364577
6.29,95.74339467822843
6.3,95.81565728956154
6.31,95.8878203967158
6.32,95.95988426753716
6.33,96.03184916865462
6.34,96.1037153654881
6.35,96.17548312225615
6.36,96.24715270198368
6.37,96.31872436650951
6.38,96.390198376494
6.39,96.4615749914265
6.4,96.53285446963281
6.41,96.60403706828257
6.42,96.67512304339651
6.43,96.74611264985377
6.44,96.81700614139908
6.45,96.88780377064987
6.46,96.9585057891034
6.47,97.02911244714375
6.48,97.09962399404877
6.49,97.17004067799704
6.5,97.24036274607467
6.51,97.31059044428217
6.52,97.38072401754111
6.53,97.45076370970091
6.54,97.52070976354533
6.55,97.59056242079926
6.56,97.66032192213505
6.57,97.72998850717914
6.58,97.79956241451842
6.59,97.86904388170662
6.6,97.93843314527061
6.61,98.00773044071678
6.62,98.07693600253714
6.63,98.14605006421557
6.64,98.21507285823398
6.65,98.28400461607832
6.66,98.35284556824466
6.67,98.42159594424518
6.68,98.49025597261411
6.69,98.55882588091362
6.7,98.62730589573965
6.71,98.6956962427278
6.72,98.76399714655898
6.73,98.83220883096519
6.74,98.90033151873517
6.75,98.96836543172009
6.76,99.03631079083902
6.77,99.10416781608458
6.78,99.1719367265284
6.79,99.23961774032655
6.8,99.307211074725
6.81,99.37471694606499
6.82,99.44213556978833
6.83,99.50946716044277
6.84,99.5767119316871
6.85,99.6438700962966
6.86,99.71094186616799
6.87,99.77792745232466
6.88,99.84482706492184
6.89,99.91164091325155
6.9,99.97836920574761
6.91,100.04501214999074
6.92,100.11156995271338
6.93,100.17804281980472
6.94,100.24443095631545
6.95,100.31073456646271
6.96,100.3769538536348
6.97,100.443089020396
6.98,100.50914026849128
6.99,100.57510779885101
7.0,100.64099181159561
7.01,100.70679250604016
7.02,100.77251008069904
7.03,100.8381447332904
7.04,100.90369666074079
7.05,100.96916605918962
7.06,101.03455312399356
7.07,101.09985804973103
7.08,101.16508103020657
7.09,101.2302222584552
7.1,101.2952819267468
7.11,101.36026022659034
7.12,101.42515734873817
7.13,101.48997348319025
7.14,101.55470881919845
7.15,101.61936354527055
7.16,101.68393784917454
7.17,101.7484319179427
7.18,101.81284593787561
7.19,101.87718009454633
7.2,101.94143457280434
7.21,102.00560955677959
7.22,102.06970522988641
7.23,102.13372177482754
7.24,102.19765937359799
7.25,102.26151820748892
7.26,102.32529845709155
7.27,102.38900030230096
7.28,102.45262392231989
7.29,102.51616949566252
7.3,102.57963720015829
7.31,102.6430272129555
7.32,102.70633971052513
7.33,102.76957486866445
7.34,102.83273286250069
7.35,102.89581386649465
7.36,102.95881805444434
7.37,103.0217455994885
7.38,103.08459667411016
7.39,103.1473714501402
7.4,103.21007009876082
7.41,103.272692790509
7.42,103.33523969528001
7.43,103.39771098233076
7.44,103.46010682028327
7.45,103.52242737712803
7.46,103.58467282022733
7.47,103.64684331631861
7.48,103.70893903151784
7.49,103.7709601313227
7.5,103.83290678061589
7.51,103.8947791436684
7.52,103.95657738414273
7.53,104.01830166509605
7.54,104.07995214898341
7.55,104.14152899766087
7.56,104.20303237238872
7.57,104.26446243383447
7.58,104.32581934207602
7.59,104.38710325660475
7.6,104.44831433632852
7.61,104.50945273957473
7.62,104.5705186240933
7.63,104.63151214705975
7.64,104.69243346507807
7.65,104.7532827341837
7.66,104.81406010984654
7.67,104.87476574697372
7.68,104.93539979991264
7.69,104.99596242245373
7.7,105.05645376783336
7.71,105.1168739887367
7.72,105.17722323730048
7.73,105.23750166511584
7.74,105.29770942323107
7.75,105.35784666215437
7.76,105.41791353185666
7.77,105.47791018177425
7.78,105.53783676081152
7.79,105.59769341734372
7.8,105.65748029921951
7.81,105.71719755376375
7.82,105.77684532778001
7.83,105.83642376755328
7.84,105.89593301885255
7.85,105.95537322693339
7.86,106.0147445365405
7.87,106.07404709191039
7.88,106.13328103677368
7.89,106.19244651435785
7.9,106.25154366738967
7.91,106.31057263809761
7.92,106.36953356821444
7.93,106.42842659897958
7.94,106.48725187114165
7.95,106.5460095249608
7.96,106.60469970021114
7.97,106.6633225361832
7.98,106.72187817168624
7.99,106.78036674505066
8.0,106.83878839413029
8.01,106.89714325630482
8.02,106.95543146848202
8.03,107.01365316710013
8.04,107.07180848813009
8.05,107.12989756707786
8.06,107.18792053898666
8.07,107.24587753843923
8.08,107.30376869956007
8.09,107.36159415601762
8.1,107.4193540410265
8.11,107.47704848734973
8.12,107.53467762730087
8.13,107.5922415927462
8.14,107.64974051510684
8.15,107.70717452536093
8.16,107.76454375404579
8.17,107.82184833125991
8.18,107.87908838666517
8.19,107.9362640494889
8.2,107.99337544852588
8.21,108.05042271214052
8.22,108.1074059682688
8.23,108.16432534442038
8.24,108.22118096768055
8.25,108.27797296471238
8.26,108.33470146175851
8.27,108.39136658464336
8.28,108.44796845877491
8.29,108.50450720914681
8.3,108.56098296034021
8.31,108.61739583652583
8.32,108.67374596146574
8.33,108.73003345851544
8.34,108.78625845062557
8.35,108.84242106034397
8.36,108.8985214098175
8.37,108.95455962079392
8.38,109.01053581462365
8.39,109.06645011226179
8.4,109.12230263426983
8.41,109.17809350081752
8.42,109.2338228316847
8.43,109.28949074626306
8.44,109.34509736355791
8.45,109.40064280219008
8.46,109.45612718039759
8.47,109.51155061603741
8.48,109.56691322658729
8.49,109.62221512914739
8.5,109.67745644044211
8.51,109.73263727682175
8.52,109.78775775426422
8.53,109.8428179883768
8.54,109.89781809439772
8.55,109.95275818719797
8.56,110.00763838128287
8.57,110.06245879079377
8.58,110.11721952950967
8.59,110.17192071084891
8.6,110.22656244787075
8.61,110.28114485327706
8.62,110.33566803941385
8.63,110.39013211827289
8.64,110.44453720149339
8.65,110.49888340036345
8.66,110.55317082582172
8.67,110.60739958845897
8.68,110.66156979851962
8.69,110.71568156590322
8.7,110.76973500016618
8.71,110.82373021052308
8.72,110.87766730584833
8.73,110.93154639467762
8.74,110.98536758520949
8.75,111.03913098530673
8.76,111.09283670249793
8.77,111.14648484397897
8.78,111.20007551661445
8.79,111.25360882693916
8.8,111.30708488115955
8.81,111.36050378515515
8.82,111.41386564448
8.83,111.46717056436414
8.84,111.52041864971497
8.85,111.5736100051187
8.86,111.62674473484167
8.87,111.67982294283185
8.88,111.73284473272024
8.89,111.78581020782211
8.9,111.83871947113852
8.91,111.8915726253576
8.92,111.94436977285591
8.93,111.99711101569987
8.94,112.04979645564704
8.95,112.1024261941474
8.96,112.15500033234481
8.97,112.20751897107822
8.98,112.25998221088301
8.99,112.31239015199235
9.0,112.36474289433839
9.01,112.4170405375537
9.02,112.4692831809724
9.03,112.52147092363151
9.04,112.57360386427226
9.05,112.62568210134124
9.06,112.67770573299178
9.07,112.72967485708512
9.08,112.78158957119169
9.09,112.8334499725923
9.1,112.8852561582794
9.11,112.93700822495833
9.12,112.98870626904848
9.13,113.04035038668451
9.14,113.09194067371756
9.15,113.1434772257165
9.16,113.194960137969
9.17,113.24638950548282
9.18,113.29776542298691
9.19,113.34908798493268
9.2,113.40035728549502
9.21,113.45157341857357
9.22,113.50273647779383
9.23,113.55384655650832
9.24,113.60490374779768
9.25,113.65590814447184
9.26,113.70685983907113
9.27,113.75775892386743
9.28,113.8086054908652
9.29,113.85939963180273
9.3,113.91014143815308
9.31,113.96083100112527
9.32,114.01146841166539
9.33,114.0620537604576
9.34,114.1125871379253
9.35,114.16306863423213
9.36,114.21349833928306
9.37,114.2638763427255
9.38,114.31420273395025
9.39,114.3644776020927
9.4,114.4147010360337
9.41,114.46487312440073
9.42,114.5149939555689
9.43,114.56506361766198
9.44,114.61508219855332
9.45,114.66504978586711
9.46,114.71496646697912
9.47,114.76483232901789
9.48,114.81464745886565
9.49,114.86441194315934
9.5,114.9141258682916
9.51,114.96378932041175
9.52,115.01340238542679
9.53,115.06296514900234
9.54,115.11247769656363
9.55,115.1619401132965
9.56,115.21135248414829
9.57,115.26071489382886
9.58,115.31002742681152
9.59,115.3592901673339
9.6,115.40850319939904
9.61,115.45766660677621
9.62,115.50678047300191
9.63,115.55584488138074
9.64,115.6048599149863
9.65,115.65382565666224
9.66,115.70274218902301
9.67,115.75160959445492
9.68,115.80042795511686
9.69,115.84919735294142
9.7,115.89791786963556
9.71,115.94658958668168
9.72,115.99521258533841
9.73,116.04378694664148
9.74,116.09231275140468
9.75,116.14079008022063
9.76,116.18921901346172
9.77,116.23759963128093
9.78,116.28593201361272
9.79,116.33421624017386
9.8,116.3824523904643
9.81,116.43064054376796
9.82,116.47878077915367
9.83,116.5268731754759
9.84,116.57491781137568
9.85,116.62291476528137
9.86,116.67086411540951
9.87,116.71876593976563
9.88,116.76662031614508
9.89,116.81442732213381
9.9,116.86218703510922
9.91,116.90989953224094
9.92,116.95756489049162
9.93,117.00518318661776
9.94,117.05275449717045
9.95,117.10027889849621
9.96,117.14775646673775
9.97,117.19518727783473
9.98,117.2425714075246
9.99,117.28990893134326
10.0,117.33719992462598
10.01,117.38444446250803
10.02,117.4316426199255
10.03,117.47879447161606
10.04,117.52590009211971
10.05,117.57295955577952
10.06,117.61997293674237
10.07,117.6669403089597
10.08,117.71386174618827
10.09,117.76073732199087
10.1,117.80756710973704
10.11,117.85435118260385
10.12,117.90108961357657
10.13,117.9477824754494
10.14,117.99442984082621
10.15,118.04103178212127
10.16,118.08758837155986
10.17,118.13409968117914
10.18,118.18056578282871
10.19,118.22698674817136
10.2,118.2733626486838
10.21,118.31969355565731
10.22,118.36597954019844
10.23,118.41222067322971
10.24,118.45841702549029
10.25,118.50456866753666
10.26,118.5506756697433
10.27,118.59673810230338
10.28,118.64275603522943
10.29,118.68872953835393
10.3,118.73465868133012
10.31,118.7805435336325
10.32,118.82638416455762
10.33,118.8721806432247
10.34,118.9179330385762
10.35,118.96364141937852
10.36,119.00930585422276
10.37,119.05492641152516
10.38,119.10050315952788
10.39,119.14603616629957
10.4,119.19152549973603
10.41,119.23697122756087
10.42,119.28237341732607
10.43,119.32773213641266
10.44,119.3730474520313
10.45,119.41831943122293
10.46,119.46354814085936
10.47,119.50873364764391
10.48,119.55387601811202
10.49,119.59897531863182
10.5,119.64403161540476
10.51,119.6890449744662
10.52,119.73401546168604
10.53,119.7789431427693
10.54,119.82382808325663
10.55,119.86867034852507
10.56,119.9134700037885
10.57,119.95822711409826
10.58,120.00294174434377
10.59,120.04761395925304
10.6,120.09224382339329
10.61,120.13683140117155
10.62,120.18137675683518
10.63,120.22587995447245
10.64,120.2703410580131
10.65,120.31476013122898
10.66,120.35913723773447
10.67,120.4034724409872
10.68,120.44776580428847
10.69,120.49201739078381
10.7,120.53622726346367
10.71,120.58039548516383
10.72,120.62452211856599
10.73,120.6686072261983
10.74,120.71265087043594
10.75,120.75665311350161
10.76,120.80061401746609
10.77,120.84453364424878
10.78,120.88841205561819
10.79,120.93224931319254
10.8,120.97604547844023
10.81,121.01980061268036
10.82,121.06351477708327
10.83,121.10718803267112
10.84,121.15082044031824
10.85,121.19441206075184
10.86,121.23796295455237
10.87,121.28147318215414
10.88,121.32494280384574
10.89,121.3683718797706
10.9,121.41176046992746
10.91,121.4551086341709
10.92,121.49841643221183
10.93,121.54168392361792
10.94,121.58491116781427
10.95,121.62809822408367
10.96,121.67124515156725
10.97,121.71435200926496
10.98,121.75741885603594
10.99,121.80044575059912
11.0,121.84343275153368
11.01,121.88637991727947
11.02,121.92928730613754
11.03,121.97215497627059
11.04,122.01498298570348
11.05,122.05777139232364
11.06,122.1005202538816
11.07,122.14322962799136
11.08,122.18589957213102
11.09,122.22853014364306
11.1,122.27112139973491
11.11,122.31367339747938
11.12,122.35618619381512
11.13,122.39865984554703
11.14,122.44109440934683
11.15,122.48348994175333
11.16,122.52584649917306
11.17,122.56816413788059
11.18,122.61044291401905
11.19,122.6526828836005
11.2,122.69488410250645
11.21,122.73704662648821
11.22,122.77917051116744
11.23,122.82125581203647
11.24,122.86330258445878
11.25,122.90531088366946
11.26,122.94728076477558
11.27,122.9892122827567
11.28,123.03110549246519
11.29,123.07296044862669
11.3,123.11477720584064
11.31,123.1565558185805
11.32,123.19829634119436
11.33,123.2399988279052
11.34,123.28166333281142
11.35,123.32328990988721
11.36,123.36487861298292
11.37,123.40642949582555
11.38,123.44794261201908
11.39,123.48941801504493
11.4,123.53085575826232
11.41,123.57225589490874
11.42,123.61361847810025
11.43,123.65494356083197
11.44,123.69623119597841
11.45,123.73748143629396
11.46,123.77869433441312
11.47,123.81986994285107
11.48,123.86100831400397
11.49,123.9021095001493
11.5,123.94317355344636
11.51,123.98420052593663
11.52,124.02519046954404
11.53,124.06614343607552
11.54,124.10705947722121
11.55,124.14793864455501
11.56,124.18878098953483
11.57,124.229586563503
11.58,124.27035541768669
11.59,124.31108760319819
11.6,124.35178317103538
11.61,124.39244217208204
11.62,124.43306465710825
11.63,124.47365067677069
11.64,124.5142002816131
11.65,124.55471352206656
11.66,124.59519044844994
11.67,124.63563111097014
11.68,124.67603555972258
11.69,124.71640384469144
11.7,124.75673601575012
11.71,124.79703212266148
11.72,124.8372922150783
11.73,124.87751634254363
11.74,124.91770455449098
11.75,124.95785690024488
11.76,124.9979734290211
11.77,125.03805418992705
11.78,125.07809923196204
11.79,125.11810860401778
11.8,125.15808235487853
11.81,125.1980205332216
11.82,125.23792318761757
11.83,125.27779036653072
11.84,125.31762211831933
11.85,125.35741849123602
11.86,125.397179533428
11.87,125.43690529293755
11.88,125.47659581770225
11.89,125.51625115555531
11.9,125.55587135422596
11.91,125.59545646133972
11.92,125.63500652441874
11.93,125.67452159088214
11.94,125.71400170804628
11.95,125.75344692312515
11.96,125.79285728323067
11.97,125.83223283537296
11.98,125.87157362646072
11.99,125.9108797033015
12.0,125.95015111260206
12.01,125.98938790096862
12.02,126.02859011490725
12.03,126.06775780082411
12.04,126.10689100502579
12.05,126.1459897737196
12.06,126.18505415301395
12.07,126.22408418891855
12.08,126.26307992734479
12.09,126.30204141410599
12.1,126.34096869491773
12.11,126.37986181539817
12.12,126.41872082106833
12.13,126.45754575735236
12.14,126.4963366695779
12.15,126.53509360297633
12.16,126.57381660268304
12.17,126.6125057137378
12.18,126.651160981085
12.19,126.68978244957395
12.2,126.72837016395918
12.21,126.7669241689007
12.22,126.80544450896433
12.23,126.84393122862197
12.24,126.88238437225188
12.25,126.92080398413894
12.26,126.95919010847497
12.27,126.99754278935904
12.28,127.03586207079769
12.29,127.07414799670521
12.3,127.11240061090398
12.31,127.15061995712468
12.32,127.18880607900658
12.33,127.22695902009791
12.34,127.26507882385596
12.35,127.30316553364752
12.36,127.34121919274907
12.37,127.37923984434703
12.38,127.41722753153809
12.39,127.45518229732947
12.4,127.49310418463914
12.41,127.53099323629614
12.42,127.5688494950408
12.43,127.60667300352506
12.44,127.64446380431268
12.45,127.68222193987953
12.46,127.71994745261388
12.47,127.7576403848166
12.48,127.79530077870143
12.49,127.83292867639533
12.5,127.87052411993857
12.51,127.90808715128514
12.52,127.94561781230298
12.53,127.98311614477416
12.54,128.02058219039517
12.55,128.0580159907772
12.56,128.09541758744638
12.57,128.132787021844
12.58,128.17012433532682
12.59,128.20742956916723
12.6,128.24470276455364
12.61,128.28194396259056
12.62,128.3191532042989
12.63,128.3563305306164
12.64,128.39347598239752
12.65,128.43058960041398
12.66,128.46767142535492
12.67,128.50472149782706
12.68,128.54173985835504
12.69,128.57872654738162
12.7,128.61568160526792
12.71,128.65260507229365
12.72,128.68949698865737
12.73,128.7263573944767
12.74,128.76318632978862
12.75,128.79998383454958
12.76,128.8367499486358
12.77,128.87348471184362
12.78,128.9101881638895
12.79,128.94686034441042
12.8,128.98350129296406
12.81,129.02011104902905
12.82,129.05668965200516
12.83,129.09323714121354
12.84,129.12975355589697
12.85,129.16623893522004
12.86,129.20269331826944
12.87,129.2391167440541
12.88,129.27550925150553
12.89,129.31187087947788
12.9,129.34820166674837
12.91,129.38450165201732
12.92,129.42077087390842
12.93,129.45700937096905
12.94,129.49321718167036
12.95,129.5293943444076
12.96,129.56554089750023
12.97,129.60165687919226
12.98,129.63774232765235
12.99,129.67379728097407
13.0,129.70982177717613
13.01,129.74581585420256
13.02,129.781779549923
13.03,129.81771290213274
13.04,129.85361594855314
13.05,129.88948872683173
13.06,129.92533127454237
13.07,129.96114362918553
13.08,129.99692582818855
13.09,130.03267790890567
13.1,130.0683999086185
13.11,130.1040918645359
13.12,130.13975381379444
13.13,130.17538579345856
13.14,130.2109878405207
13.15,130.24655999190145
13.16,130.28210228444993
13.17,130.31761475494386
13.18,130.35309744008984
13.19,130.3885503765234
13.2,130.4239736008094
13.21,130.4593671494421
13.22,130.4947310588454
13.23,130.53006536537293
13.24,130.56537010530846
13.25,130.60064531486594
13.26,130.63589103018967
13.27,130.6711072873546
13.28,130.70629412236647
13.29,130.74145157116197
13.3,130.77657966960902
13.31,130.81167845350686
13.32,130.84674795858626
13.33,130.88178822050983
13.34,130.91679927487203
13.35,130.9517811571995
13.36,130.98673390295107
13.37,131.0216575475182
13.38,131.05655212622503
13.39,131.09141767432843
13.4,131.12625422701842
13.41,131.16106181941828
13.42,131.19584048658461
13.43,131.23059026350768
13.44,131.26531118511153
13.45,131.3000032862541
13.46,131.33466660172763
13.47,131.36930116625848
13.48,131.40390701450764
13.49,131.43848418107075
13.5,131.4730327004783
13.51,131.50755260719583
13.52,131.54204393562406
13.53,131.57650672009916
13.54,131.61094099489276
13.55,131.64534679421232
13.56,131.6797241522012
13.57,131.71407310293878
13.58,131.7483936804408
13.59,131.78268591865935
13.6,131.81694985148312
13.61,131.85118551273766
13.62,131.88539293618535
13.63,131.9195721555258
13.64,131.9537232043958
13.65,131.98784611636967
13.66,132.02194092495927
13.67,132.05600766361437
13.68,132.09004636572254
13.69,132.1240570646096
13.7,132.1580397935396
13.71,132.19199458571504
13.72,132.22592147427704
13.73,132.25982049230555
13.74,132.2936916728194
13.75,132.32753504877653
13.76,132.3613506530742
13.77,132.39513851854906
13.78,132.4288986779774
13.79,132.46263116407516
13.8,132.49633600949832
13.81,132.53001324684286
13.82,132.563662908645
13.83,132.59728502738136
13.84,132.6308796354691
13.85,132.66444676526612
13.86,132.69798644907115
13.87,132.73149871912392
13.88,132.7649836076054
13.89,132.79844114663777
13.9,132.83187136828488
13.91,132.865274304552
13.92,132.89864998738642
13.93,132.93199844867715
13.94,132.9653197202555
13.95,132.9986138338949
13.96,133.03188082131118
13.97,133.06512071416282
13.98,133.09833354405092
13.99,133.13151934251945
14.0,133.1646781410554
14.01,133.19780997108887
14.02,133.23091486399335
14.03,133.26399285108567
14.04,133.29704396362632
14.05,133.3300682328195
14.06,133.36306568981334
14.07,133.39603636569996
14.08,133.42898029151564
14.09,133.4618974982411
14.1,133.49478801680135
14.11,133.52765187806617
14.12,133.56048911285004
14.13,133.5932997519123
14.14,133.6260838259574
14.15,133.65884136563494
14.16,133.69157240153984
14.17,133.7242769642125
14.18,133.7569550841389
14.19,133.7896067917508
14.2,133.82223211742584
14.21,133.85483109148765
14.22,133.8874037442061
14.23,133.91995010579726
14.24,133.95247020642373
14.25,133.98496407619467
14.26,134.01743174516588
14.27,134.0498732433401
14.28,134.08228860066706
14.29,134.1146778470435
14.3,134.14704101231357
14.31,134.17937812626866
14.32,134.21168921864782
14.33,134.2439743191377
14.34,134.27623345737268
14.35,134.30846666293522
14.36,134.34067396535565
14.37,134.37285539411266
14.38,134.4050109786332
14.39,134.43714074829256
14.4,134.46924473241478
14.41,134.50132296027257
14.42,134.5333754610874
14.43,134.56540226402979
14.44,134.59740339821934
14.45,134.62937889272487
14.46,134.6613287765646
14.47,134.69325307870616
14.48,134.72515182806686
14.49,134.75702505351367
14.5,134.78887278386355
14.51,134.82069504788333
14.52,134.85249187429002
14.53,134.88426329175087
14.54,134.91600932888343
14.55,134.94773001425582
14.56,134.97942537638676
14.57,135.0110954437457
14.58,135.0427402447529
14.59,135.07435980777967
14.6,135.1059541611484
14.61,135.13752333313272
14.62,135.1690673519576
14.63,135.20058624579949
14.64,135.23208004278638
14.65,135.26354877099806
14.66,135.29499245846606
14.67,135.32641113317393
14.68,135.35780482305728
14.69,135.38917355600387
14.7,135.42051735985376
14.71,135.45183626239952
14.72,135.48313029138615
14.73,135.51439947451138
14.74,135.5456438394257
14.75,135.5768634137325
14.76,135.60805822498818
14.77,135.63922830070223
14.78,135.6703736683374
14.79,135.70149435530985
14.8,135.73259038898908
14.81,135.76366179669833
14.82,135.79470860571442
14.83,135.82573084326802
14.84,135.8567285365437
14.85,135.88770171268013
14.86,135.91865039877007
14.87,135.94957462186056
14.88,135.980474408953
14.89,136.0113497870033
14.9,136.04220078292195
14.91,136.07302742357413
14.92,136.10382973577987
14.93,136.13460774631406
14.94,136.1653614819067
14.95,136.19609096924296
14.96,136.2267962349631
14.97,136.25747730566295
14.98,136.28813420789365
14.99,136.31876696816198
15.0,136.3493756129304
15.01,136.3799601686172
15.02,136.41052066159648
15.03,136.44105711819844
15.04,136.47156956470934
15.05,136.50205802737165
15.06,136.53252253238418
15.07,136.56296310590216
15.08,136.5933797740374
15.09,136.62377256285825
15.1,136.6541414983899
15.11,136.68448660661429
15.12,136.71480791347042
15.13,136.74510544485423
15.14,136.77537922661892
15.15,136.80562928457485
15.16,136.83585564448978
15.17,136.86605833208895
15.18,136.89623737305513
15.19,136.92639279302878
15.2,136.95652461760812
15.21,136.9866328723492
15.22,137.01671758276606
15.23,137.04677877433087
15.24,137.0768164724738
15.25,137.10683070258347
15.26,137.13682149000675
15.27,137.166788860049
15.28,137.19673283797417
15.29,137.22665344900477
15.3,137.2565507183222
15.31,137.28642467106664
15.32,137.3162753323372
15.33,137.3461027271921
15.34,137.37590688064864
15.35,137.40568781768346
15.36,137.4354455632324
15.37,137.46518014219083
15.38,137.49489157941363
15.39,137.5245798997153
15.4,137.55424512787002
15.41,137.58388728861183
15.42,137.61350640663468
15.43,137.64310250659247
15.44,137.67267561309927
15.45,137.7022257507292
15.46,137.73175294401688
15.47,137.76125721745706
15.48,137.79073859550513
15.49,137.82019710257697
15.5,137.84963276304913
15.51,137.87904560125887
15.52,137.90843564150433
15.53,137.93780290804452
15.54,137.9671474250995
15.55,137.99646921685047
15.56,138.02576830743973
15.57,138.05504472097093
15.58,138.0842984815091
15.59,138.11352961308074
15.6,138.14273813967387
15.61,138.17192408523815
15.62,138.20108747368502
15.63,138.23022832888768
15.64,138.25934667468127
15.65,138.28844253486295
15.66,138.31751593319194
15.67,138.3465668933896
15.68,138.3755954391396
15.69,138.4046015940879
15.7,138.43358538184296
15.71,138.4625468259757
15.72,138.49148595001964
15.73,138.52040277747108
15.74,138.54929733178895
15.75,138.57816963639516
15.76,138.60701971467452
15.77,138.63584758997487
15.78,138.66465328560716
15.79,138.69343682484552
15.8,138.7221982309274
15.81,138.75093752705362
15.82,138.77965473638844
15.83,138.80834988205962
15.84,138.83702298715852
15.85,138.8656740747403
15.86,138.89430316782384
15.87,138.9229102893918
15.88,138.95149546239097
15.89,138.98005870973196
15.9,139.00860005428964
15.91,139.03711951890304
15.92,139.06561712637537
15.93,139.09409289947433
15.94,139.12254686093195
15.95,139.1509790334448
15.96,139.17938943967405
15.97,139.20777810224553
15.98,139.23614504374981
15.99,139.26449028674233
16.0,139.2928138537434
16.01,139.32111576723835
16.02,139.34939604967755
16.03,139.37765472347652
16.04,139.405891811016
16.05,139.4341073346421
16.06,139.46230131666618
16.07,139.49047377936517
16.08,139.51862474498145
16.09,139.5467542357231
16.1,139.5748622737638
16.11,139.60294888124307
16.12,139.6310140802662
16.13,139.65905789290443
16.14,139.687080341195
16.15,139.71508144714122
16.16,139.74306123271253
16.17,139.7710197198446
16.18,139.79895693043937
16.19,139.82687288636518
16.2,139.8547676094568
16.21,139.8826411215155
16.22,139.91049344430914
16.23,139.93832459957233
16.24,139.9661346090063
16.25,139.99392349427916
16.26,140.0216912770259
16.27,140.04943797884843
16.28,140.07716362131575
16.29,140.10486822596394
16.3,140.13255181429625
16.31,140.16021440778317
16.32,140.18785602786255
16.33,140.2154766959396
16.34,140.243076433387
16.35,140.27065526154496
16.36,140.2982132017213
16.37,140.32575027519155
16.38,140.35326650319894
16.39,140.38076190695458
16.4,140.40823650763738
16.41,140.4356903263943
16.42,140.46312338434032
16.43,140.49053570255842
16.44,140.5179273020999
16.45,140.54529820398417
16.46,140.572648429199
16.47,140.59997799870055
16.48,140.62728693341342
16.49,140.6545752542307
16.5,140.6818429820141
16.51,140.70909013759393
16.52,140.7363167417693
16.53,140.76352281530797
16.54,140.7907083789467
16.55,140.81787345339112
16.56,140.8450180593158
16.57,140.87214221736446
16.58,140.8992459481498
16.59,140.92632927225387
16.6,140.9533922102279
16.61,140.9804347825924
16.62,141.00745700983737
16.63,141.03445891242214
16.64,141.06144051077567
16.65,141.08840182529644
16.66,141.11534287635263
16.67,141.14226368428209
16.68,141.16916426939244
16.69,141.19604465196122
16.7,141.2229048522358
16.71,141.2497448904336
16.72,141.276564786742
16.73,141.3033645613185
16.74,141.33014423429083
16.75,141.3569038257569
16.76,141.38364335578484
16.77,141.41036284441333
16.78,141.4370623116513
16.79,141.46374177747822
16.8,141.4904012618441
16.81,141.51704078466958
16.82,141.54366036584594
16.83,141.5702600252352
16.84,141.59683978267023
16.85,141.62339965795465
16.86,141.64993967086306
16.87,141.6764598411411
16.88,141.70296018850536
16.89,141.72944073264352
16.9,141.75590149321454
16.91,141.7823424898485
16.92,141.8087637421468
16.93,141.8351652696822
16.94,141.86154709199883
16.95,141.88790922861233
16.96,141.91425169900984
16.97,141.94057452265008
16.98,141.96687771896347
16.99,141.9931613073521
17.0,142.01942530718975
17.01,142.04566973782218
17.02,142.07189461856692
17.03,142.09809996871346
17.04,142.1242858075233
17.05,142.15045215423004
17.06,142.17659902803936
17.07,142.2027264481291
17.08,142.2288344336494
17.09,142.2549230037226
17.1,142.2809921774435
17.11,142.3070419738792
17.12,142.3330724120693
17.13,142.35908351102597
17.14,142.38507528973392
17.15,142.4110477671505
17.16,142.4370009622058
17.17,142.46293489380255
17.18,142.48884958081644
17.19,142.51474504209583
17.2,142.5406212964622
17.21,142.5664783627099
17.22,142.59231625960626
17.23,142.61813500589184
17.24,142.64393462028025
17.25,142.66971512145832
17.26,142.69547652808612
17.27,142.72121885879702
17.28,142.74694213219777
17.29,142.7726463668686
17.3,142.79833158136307
17.31,142.82399779420842
17.32,142.8496450239054
17.33,142.87527328892835
17.34,142.9008826077254
17.35,142.92647299871837
17.36,142.95204448030285
17.37,142.97759707084833
17.38,143.00313078869823
17.39,143.02864565216987
17.4,143.05414167955456
17.41,143.0796188891178
17.42,143.10507729909907
17.43,143.13051692771208
17.44,143.15593779314477
17.45,143.18133991355938
17.46,143.2067233070924
17.47,143.2320879918548
17.48,143.25743398593187
17.49,143.28276130738348
17.5,143.308069974244
17.51,143.33336000452238
17.52,143.35863141620223
17.53,143.38388422724185
17.54,143.4091184555743
17.55,143.43433411910732
17.56,143.45953123572366
17.57,143.48470982328087
17.58,143.50986989961146
17.59,143.53501148252295
17.6,143.56013458979788
17.61,143.58523923919392
17.62,143.61032544844392
17.63,143.6353932352558
17.64,143.66044261731287
17.65,143.68547361227363
17.66,143.71048623777202
17.67,143.7354805114173
17.68,143.76045645079424
17.69,143.78541407346304
17.7,143.8103533969595
17.71,143.835274438795
17.72,143.86017721645655
17.73,143.8850617474068
17.74,143.90992804908427
17.75,143.93477613890315
17.76,143.9596060342535
17.77,143.98441775250134
17.78,144.0092113109885
17.79,144.03398672703284
17.8,144.05874401792832
17.81,144.08348320094484
17.82,144.1082042933285
17.83,144.1329073123016
17.84,144.15759227506263
17.85,144.18225919878634
17.86,144.2069081006238
17.87,144.23153899770242
17.88,144.25615190712602
17.89,144.2807468459749
17.9,144.30532383130586
17.91,144.3298828801522
17.92,144.35442400952388
17.93,144.37894723640747
17.94,144.4034525777662
17.95,144.42794005054006
17.96,144.4524096716458
17.97,144.47686145797698
17.98,144.50129542640408
17.99,144.5257115937745
18.0,144.5501099769125
18.01,144.5744905926194
18.02,144.5988534576737
18.03,144.62319858883072
18.04,144.64752600282318
18.05,144.67183571636085
18.06,144.69612774613074
18.07,144.72040210879717
18.08,144.74465882100174
18.09,144.76889789936348
18.1,144.79311936047876
18.11,144.81732322092137
18.12,144.84150949724273
18.13,144.86567820597168
18.14,144.88982936361467
18.15,144.9139629866558
18.16,144.93807909155683
18.17,144.96217769475723
18.18,144.98625881267418
18.19,145.01032246170277
18.2,145.03436865821587
18.21,145.0583974185642
18.22,145.08240875907646
18.23,145.1064026960593
18.24,145.13037924579737
18.25,145.1543384245535
18.26,145.17828024856837
18.27,145.20220473406107
18.28,145.2261118972287
18.29,145.25000175424668
18.3,145.2738743212686
18.31,145.2977296144265
18.32,145.3215676498306
18.33,145.34538844356968
18.34,145.36919201171085
18.35,145.39297837029974
18.36,145.41674753536046
18.37,145.44049952289572
18.38,145.46423434888683
18.39,145.48795202929372
18.4,145.511652580055
18.41,145.53533601708799
18.42,145.55900235628883
18.43,145.58265161353242
18.44,145.60628380467256
18.45,145.62989894554187
18.46,145.65349705195186
18.47,145.67707813969315
18.48,145.70064222453522
18.49,145.72418932222672
18.5,145.74771944849527
18.51,145.77123261904774
18.52,145.79472884957002
18.53,145.81820815572732
18.54,145.8416705531641
18.55,145.865116057504
18.56,145.88854468435008
18.57,145.91195644928473
18.58,145.9353513678697
18.59,145.95872945564633
18.6,145.98209072813523
18.61,146.0054352008367
18.62,146.02876288923048
18.63,146.052073808776
18.64,146.07536797491224
18.65,146.09864540305796
18.66,146.12190610861157
18.67,146.14515010695118
18.68,146.16837741343477
18.69,146.19158804340012
18.7,146.21478201216482
18.71,146.2379593350265
18.72,146.26112002726256
18.73,146.28426410413053
18.74,146.30739158086783
18.75,146.330502472692
18.76,146.3535967948007
18.77,146.37667456237162
18.78,146.3997357905627
18.79,146.42278049451204
18.8,146.44580868933804
18.81,146.46882039013929
18.82,146.49181561199472
18.83,146.51479436996365
18.84,146.53775667908573
18.85,146.56070255438112
18.86,146.5836320108503
18.87,146.60654506347439
18.88,146.62944172721498
18.89,146.65232201701417
18.9,146.67518594779474
18.91,146.6980335344601
18.92,146.72086479189434
18.93,146.74367973496226
18.94,146.76647837850936
18.95,146.78926073736199
18.96,146.8120268263273
18.97,146.83477666019328
18.98,146.85751025372878
18.99,146.88022762168364
19.0,146.9029287787887
19.01,146.92561373975562
19.02,146.94828251927726
19.03,146.9709351320275
19.04,146.99357159266128
19.05,147.01619191581472
19.06,147.03879611610506
19.07,147.06138420813085
19.08,147.08395620647175
19.09,147.10651212568877
19.1,147.12905198032428
19.11,147.1515757849018
19.12,147.1740835539265
19.13,147.1965753018847
19.14,147.21905104324438
19.15,147.24151079245482
19.16,147.26395456394695
19.17,147.2863823721332
19.18,147.30879423140752
19.19,147.33119015614554
19.2,147.35357016070458
19.21,147.37593425942356
19.22,147.3982824666231
19.23,147.4206147966057
19.24,147.4429312636555
19.25,147.46523188203852
19.26,147.48751666600265
19.27,147.50978562977758
19.28,147.53203878757503
19.29,147.55427615358855
19.3,147.5764977419937
19.31,147.59870356694813
19.32,147.62089364259148
19.33,147.64306798304543
19.34,147.6652266024138
19.35,147.68736951478257
19.36,147.70949673421993
19.37,147.7316082747762
19.38,147.75370415048394
19.39,147.77578437535806
19.4,147.79784896339567
19.41,147.8198979285763
19.42,147.84193128486186
19.43,147.86394904619655
19.44,147.8859512265071
19.45,147.90793783970264
19.46,147.92990889967487
19.47,147.95186442029794
19.48,147.97380441542856
19.49,147.9957288989061
19.5,148.01763788455244
19.51,148.0395313861722
19.52,148.06140941755268
19.53,148.0832719924638
19.54,148.10511912465833
19.55,148.12695082787178
19.56,148.14876711582244
19.57,148.17056800221147
19.58,148.19235350072285
19.59,148.21412362502352
19.6,148.23587838876327
19.61,148.2576178055749
19.62,148.2793418890742
19.63,148.30105065286
19.64,148.32274411051407
19.65,148.3444222756014
19.66,148.36608516167001
19.67,148.38773278225105
19.68,148.40936515085886
19.69,148.430982280991
19.7,148.45258418612823
19.71,148.47417087973457
19.72,148.49574237525735
19.73,148.5172986861272
19.74,148.5388398257581
19.75,148.56036580754738
19.76,148.58187664487585
19.77,148.60337235110765
19.78,148.6248529395905
19.79,148.64631842365554
19.8,148.66776881661738
19.81,148.68920413177435
19.82,148.71062438240818
19.83,148.7320295817843
19.84,148.7534197431518
19.85,148.77479487974338
19.86,148.7961550047755
19.87,148.81750013144827
19.88,148.8388302729456
19.89,148.86014544243514
19.9,148.8814456530684
19.91,148.9027309179807
19.92,148.92400125029127
19.93,148.94525666310318
19.94,148.9664971695034
19.95,148.98772278256297
19.96,149.0089335153368
19.97,149.0301293808638
19.98,149.051310392167
19.99,149.07247656225343
20.0,149.09362790411424
