miniseconds,velocity
0,0.24358263354000004
1,0.48716523131000444
2,0.7307477217700431
3,0.9743300333802403
4,1.217912094600899
5,1.4614938338925847
6,1.7050751797162096
7,1.948656060533117
8,2.192236404805164
9,2.435816140994808
10,2.679395197565188
11,2.92297350298021
12,3.1665509857046317
13,3.410127574204145
14,3.653703196945461
15,3.897277782396394
16,4.140851259025946
17,4.384423555304387
18,4.627994599703347
19,4.871564320695891
20,5.11513264675661
21,5.358699506361699
22,5.602264827989046
23,5.8458285401183145
24,6.089390571231027
25,6.332950849810648
26,6.57650930434267
27,6.820065863314696
28,7.063620455216525
29,7.307173008540236
30,7.550723451780267
31,7.794271713433507
32,8.037817721999374
33,8.2813614059799
34,8.524902693879822
35,8.768441514206648
36,9.011977795470765
37,9.255511466185503
38,9.499042454867228
39,9.742570690035425
40,9.986096100212782
41,10.229618613925274
42,10.473138159702243
43,10.716654666076487
44,10.960168061584342
45,11.203678274765766
46,11.447185234164417
47,11.690688868327753
48,11.934189105807095
49,12.177685875157728
50,12.421179104938975
51,12.664668723714284
52,12.908154660051308
53,13.151636842521999
54,13.39511519970268
55,13.638589660174137
56,13.882060152521694
57,14.125526605335308
58,14.368988947209646
59,14.612447106744165
60,14.855901012543207
61,15.09935059321607
62,15.342795777377102
63,15.58623649364578
64,15.829672670646788
65,16.073104237010117
66,16.316531121371135
67,16.559953252370665
68,16.803370558655086
69,17.046782968876407
70,17.290190411692354
71,17.53359281576644
72,17.77699010976808
73,18.02038222237263
74,18.263769082261515
75,18.50715061812228
76,18.750526758648693
77,18.99389743254082
78,19.237262568505106
79,19.48062209525446
80,19.72397594150835
81,19.967324035992867
82,20.210666307440825
83,20.45400268459184
84,20.697333096192395
85,20.940657470995962
86,21.18397573776305
87,21.4272878252613
88,21.670593662265574
89,21.91389317755803
90,22.157186299928213
91,22.400472958173125
92,22.64375308109733
93,22.887026597513014
94,23.130293436240084
95,23.373553526106246
96,23.616806795947085
97,23.860053174606154
98,24.103292590935045
99,24.346524973793496
100,24.589750252049456
101,24.832968354579158
102,25.076179210267227
103,25.319382748006745
104,25.56257889669935
105,25.805767585255303
106,26.048948742593574
107,26.29212229764193
108,26.53528817933702
109,26.77844631662445
110,27.021596638458867
111,27.264739073804048
112,27.507873551632986
113,27.751000000927952
114,27.9941183506806
115,28.237228529892043
116,28.48033046757293
117,28.723424092743535
118,28.966509334433834
119,29.2095861216836
120,29.452654383542463
121,29.695714049070016
122,29.93876504733589
123,30.181807307419827
124,30.424840758411776
125,30.66786532941196
126,30.91088094953098
127,31.153887547889884
128,31.396885053620238
129,31.639873395864235
130,31.882852503774757
131,32.12582230651547
132,32.36878273326088
133,32.61173371319646
134,32.8546751755187
135,33.0976070494352
136,33.34052926416472
137,33.58344174893735
138,33.82634443299446
139,34.06923724558892
140,34.31212011598509
141,34.55499297345892
142,34.79785574729806
143,35.04070836680191
144,35.283550761281724
145,35.52638286006068
146,35.76920459247396
147,36.01201588786886
148,36.25481667560482
149,36.49760688505355
150,36.74038644559909
151,36.98315528663791
152,37.22591333757897
153,37.46866052784382
154,37.71139678686665
155,37.95412204409443
156,38.19683622898693
157,38.43953927101685
158,38.68223109966985
159,38.92439259246949
160,39.16562556440707
161,39.40593350541267
162,39.645319892842586
163,39.88378819152045
164,40.121341853778155
165,40.357984319496765
166,40.5937190161473
167,40.82854935883136
168,41.062478750321766
169,41.295510581102974
170,41.527648229411454
171,41.758895061276014
172,41.98925443055791
173,42.218729678990925
174,42.44732413622137
175,42.67504111984791
176,42.901883935461356
177,43.12785587668433
178,43.352960225210815
179,43.577200250845635
180,43.8005792115438
181,44.02310035344977
182,44.24476691093665
183,44.46558210664519
184,44.68554915152281
185,44.90467124486239
186,45.122951574341094
187,45.34039331605897
188,45.556999634577544
189,45.77277368295827
190,45.98771860280086
191,46.201837524281565
192,46.415133566191315
193,46.62760983597378
194,46.839269429763306
195,47.050115432422785
196,47.260150917581406
197,47.46937894767227
198,47.677802573969984
199,47.88542483662811
200,48.09224876471648
201,48.29827737625846
202,48.50351367826812
203,48.707960666787265
204,48.91162132692237
205,49.11449863288146
206,49.31659554801083
207,49.51791502483174
208,49.718460005076885
209,49.918233419726924
210,50.11723818904681
211,50.315477222621986
212,50.51295341939462
213,50.7096696676996
214,50.90562884530051
215,51.10083381942546
216,51.295287446802874
217,51.48899257369712
218,51.681952035944065
219,51.874168658986555
220,52.06564525790975
221,52.256396955922355
222,52.446434389787115
223,52.63576527016137
224,52.82439716804903
225,53.012337518318695
226,53.1995936231086
227,53.386172655122785
228,53.57208166082275
229,53.75732756351858
230,53.9419171663634
231,54.12585715525482
232,54.3091541016469
233,54.491814465275944
234,54.67384459680343
235,54.85525074037896
236,55.03603903612635
237,55.21621552255556
238,55.395786138903134
239,55.574756727403845
240,55.753133035495836
241,55.93092071796174
242,56.10812533900801
243,56.2847523742846
244,56.46080721284709
245,56.636295159063245
246,56.811221434465956
247,56.98559117955434
248,57.15940945554477
249,57.33268124607356
250,57.50541145885292
251,57.67760492728169
252,57.84926641201242
253,58.02040060247619
254,58.191012118366594
255,58.36110551108417
256,58.530685265142544
257,58.69975579953766
258,58.868321469081046
259,59.03638656569849
260,59.20395531969509
261,59.37103190098768
262,59.53762042030588
263,59.70372493036247
264,59.86934942699428
265,60.034497850274256
266,60.19917408559584
267,60.36338196473034
268,60.527125266858086
269,60.69040771957434
270,60.8532329998705
271,61.015604735091486
272,61.17752650386991
273,61.33900183703784
274,61.500034218516625
275,61.66062708618562
276,61.82078383273031
277,61.9805078064704
278,62.13980231216858
279,62.29867061182033
280,62.45711592542548
281,62.615141431741925
282,62.77275026902204
283,62.929945535732266
284,63.08673029125635
285,63.24310755658267
286,63.399080314976096
287,63.55465151263479
288,63.70982405933245
289,63.864600829046175
290,64.01898466057062
291,64.1729783581186
292,64.32658469190852
293,64.47980639873919
294,64.632646182552
295,64.78510671498121
296,64.93719063589224
297,65.08890055390862
298,65.24023904692767
299,65.39120866262537
300,65.54181191895057
301,65.69205130460874
302,65.84192927953588
303,65.9914482753624
304,66.14061069586755
305,66.2894189174244
306,66.43787528943582
307,66.58598213476154
308,66.73374175013647
309,66.88115640658083
310,67.02822834980168
311,67.17495980058678
312,67.32135295519032
313,67.46740998571114
314,67.61313304046358
315,67.75852424434076
316,67.90358569917105
317,68.04831948406739
318,68.19272765577001
319,68.33681224898233
320,68.48057527670055
321,68.62401873053692
322,68.76714458103675
323,68.90995477798948
324,69.0524512507339
325,69.19463590845747
326,69.33651064049027
327,69.47807731659321
328,69.61933778724102
329,69.76029388390005
330,69.90094741930073
331,70.04130018770535
332,70.18135396517057
333,70.32111050980548
334,70.46057156202477
335,70.59973884479743
336,70.73861406389088
337,70.87719890811083
338,71.0154950495368
339,71.1535041437534
340,71.29122783007764
341,71.42866773178216
342,71.56582545631446
343,71.70270259551243
344,71.83930072581607
345,71.9756214084755
346,72.11166618975535
347,72.24743660113572
348,72.38293415950962
349,72.51816036737706
350,72.65311671303581
351,72.78780467076895
352,72.92222570102918
353,73.05638125062009
354,73.19027275287448
355,73.32390162782937
356,73.45726928239854
357,73.59037711054182
358,73.72322649343181
359,73.85581879961774
360,73.98815538518672
361,74.12023759392227
362,74.25206675746031
363,74.38364419544271
364,74.51497121566806
365,74.64604911424037
366,74.77687917571518
367,74.90746267324333
368,75.0378008687125
369,75.16789501288648
370,75.29774634554217
371,75.42735609560457
372,75.55672548127949
373,75.68585571018423
374,75.81474797947625
375,75.94340347597984
376,76.07182337631072
377,76.20000884699888
378,76.32796104460942
379,76.45568111586154
380,76.58317019774569
381,76.71042941763903
382,76.83745989341907
383,76.96426273357552
384,77.09083903732063
385,77.21718989469767
386,77.34331638668792
387,77.469219585316
388,77.59490055375367
389,77.72036034642205
390,77.84560000909234
391,77.97062057898505
392,78.09542308486782
393,78.22000854715172
394,78.34437797798621
395,78.4685323813527
396,78.59247275315673
397,78.71620008131885
398,78.83971534586416
399,78.9630195190106
400,79.08611356525593
401,79.20899844146352
402,79.33167509694684
403,79.45414447355282
404,79.57640750574407
405,79.69846512067978
406,79.82031823829566
407,79.94196777138261
408,80.06341462566446
409,80.18465969987447
410,80.3057038858308
411,80.42654806851104
412,80.54719312612559
413,80.66763993019009
414,80.7878893455968
415,80.90794223068511
416,81.02779943731099
417,81.14746181091556
418,81.26693019059265
419,81.38620540915554
420,81.50528829320274
421,81.62417966318296
422,81.74288033345904
423,81.8613911123713
424,81.97971280229972
425,82.09784619972564
426,82.2157920952923
427,82.33355127386488
428,82.45112451458958
429,82.56851259095194
430,82.68571627083443
431,82.8027363165733
432,82.91957348501465
433,83.03622852756986
434,83.1527021902701
435,83.26899521382046
436,83.38510833365304
437,83.50104227997961
438,83.61679777784349
439,83.73237554717076
440,83.84777630282086
441,83.96300075463657
442,84.07804960749326
443,84.19292356134761
444,84.30762331128571
445,84.4221495475705
446,84.53650295568868
447,84.65068421639697
448,84.76469400576794
449,84.87853299523499
450,84.99220185163715
451,85.10570123726295
452,85.21903180989405
453,85.33219422284816
454,85.44518912502149
455,85.55801716093072
456,85.67067897075437
457,85.78317519037377
458,85.89550645141344
459,86.00767338128104
460,86.11967660320687
461,86.23151673628276
462,86.3431943955007
463,86.45471019179084
464,86.56606473205903
465,86.6772586192241
466,86.78829245225452
467,86.89916682620468
468,87.00988233225074
469,87.12043955772609
470,87.23083908615637
471,87.34108149729406
472,87.4511673671527
473,87.56109726804073
474,87.67087176859485
475,87.78049143381308
476,87.88995682508742
477,87.99926850023617
478,88.10842701353569
479,88.2174329157521
480,88.32628675417237
481,88.43498907263519
482,88.54354041156141
483,88.65194130798417
484,88.7601922955787
485,88.8682939046918
486,88.97624666237093
487,89.08405109239295
488,89.19170771529275
489,89.29921704839123
490,89.40657960582324
491,89.51379589856509
492,89.62086643446179
493,89.72779171825394
494,89.83457225160438
495,89.94120853312455
496,90.0477010584005
497,90.15405032001865
498,90.26025680759132
499,90.36632100778183
500,90.4722434043296
501,90.57802447807462
502,90.68366470698199
503,90.78916456616594
504,90.89452452791376
505,90.9997450617094
506,91.10482663425688
507,91.20976970950329
508,91.31457474866174
509,91.41924221023395
510,91.52377255003263
511,91.62816622120367
512,91.73242367424797
513,91.83654535704318
514,91.94053171486512
515,92.04438319040902
516,92.14810022381056
517,92.25168325266657
518,92.35513271205569
519,92.45844903455865
520,92.56163265027845
521,92.66468398686033
522,92.76760346951139
523,92.87039152102025
524,92.97304856177634
525,93.0755750097889
526,93.17797128070613
527,93.28023778783374
528,93.38237494215362
529,93.48438315234212
530,93.58626282478828
531,93.68801436361181
532,93.78963817068087
533,93.89113464562973
534,93.99250418587621
535,94.09374718663896
536,94.19486404095457
537,94.2958551396945
538,94.39672087158183
539,94.4974616232079
540,94.59807777904872
541,94.69856972148122
542,94.7989378307994
543,94.89918248523028
544,94.9993040609497
545,95.09930293209788
546,95.19917947079506
547,95.29893404715669
548,95.39856702930872
549,95.4980787834026
550,95.59746967363016
551,95.6967400622384
552,95.79589030954408
553,95.89492077394816
554,95.99383181195016
555,96.09262377816238
556,96.19129702532388
557,96.28985190431446
558,96.38828876416845
559,96.4866079520883
560,96.58480981345821
561,96.68289469185741
562,96.78086292907358
563,96.87871486511582
564,96.97645083822785
565,97.07407118490077
566,97.17157623988598
567,97.26896633620767
568,97.36624180517552
569,97.46340297639702
570,97.56045017778985
571,97.65738373559404
572,97.75420397438407
573,97.85091121708082
574,97.94750578496344
575,98.04398799768114
576,98.14035817326476
577,98.23661662813836
578,98.33276367713069
579,98.42879963348638
580,98.52472480887732
581,98.62053951341373
582,98.71624405565511
583,98.81183874262128
584,98.90732387980309
585,99.00269977117323
586,99.09796671919683
587,99.193125024842
588,99.28817498759024
589,99.38311690544683
590,99.47795107495102
591,99.57267779118631
592,99.66729734779038
593,99.76181003696516
594,99.85621614948673
595,99.95051597471503
596,100.04470980060373
597,100.13879791370975
598,100.23278059920283
599,100.32665814087503
600,100.42043082115008
601,100.51409892109272
602,100.60766272041789
603,100.70112249749984
604,100.79447852938127
605,100.88773109178226
606,100.98088045910916
607,101.07392690446345
608,101.1668706996505
609,101.25971211518821
610,101.3524514203156
611,101.44508888300146
612,101.53762476995261
613,101.63005934662245
614,101.72239287721915
615,101.814625624714
616,101.9067578508495
617,101.99878981614751
618,102.09072177991723
619,102.18255400026322
620,102.27428673409327
621,102.36592023712622
622,102.45745476389978
623,102.54889056777814
624,102.64022790095972
625,102.73146701448464
626,102.82260815824226
627,102.9136515809787
628,103.00459753030408
629,103.0954462527
630,103.18619799352669
631,103.27685299703028
632,103.36741150634987
633,103.45787376352473
634,103.54824000950124
635,103.63851048413983
636,103.72868542622201
637,103.81876507345714
638,103.90874966248921
639,103.9986394289037
640,104.08843460723412
641,104.17813543096877
642,104.26774213255725
643,104.35725494341702
644,104.44667409393986
645,104.53599981349831
646,104.62523233045204
647,104.71437187215416
648,104.80341866495748
649,104.89237293422077
650,104.98123490431492
651,105.07000479862901
652,105.15868283957649
653,105.24726924860106
654,105.33576424618278
655,105.42416805184394
656,105.51248088415493
657,105.60070296074012
658,105.68883449828363
659,105.77687571253504
660,105.8648268183152
661,105.95268802952168
662,106.04045955913466
663,106.12814161922225
664,106.21573442094618
665,106.30323817456711
666,106.39065308945034
667,106.4779793740709
668,106.5652172360191
669,106.65236688200578
670,106.73942851786765
671,106.8264023485724
672,106.91328857822397
673,107.00008741006772
674,107.08679904649551
675,107.17342368905075
676,107.2599615384335
677,107.3464127945054
678,107.43277765629468
679,107.51905632200106
680,107.60524898900064
681,107.69135585385072
682,107.77737711229466
683,107.86331295926662
684,107.9491635888963
685,108.03492919451365
686,108.12060996865354
687,108.20620610306037
688,108.29171778869274
689,108.37714521572786
690,108.4624885735663
691,108.54774805083629
692,108.63292383539827
693,108.71801611434931
694,108.80302507402752
695,108.88795090001636
696,108.97279377714908
697,109.05755388951286
698,109.14223142045324
699,109.22682655257826
700,109.31133946776268
701,109.39577034715218
702,109.48011937116748
703,109.56438671950849
704,109.64857257115835
705,109.73267710438753
706,109.8167004967578
707,109.90064292512626
708,109.98450456564933
709,110.06828559378665
710,110.151986184305
711,110.23560651128217
712,110.31914674811088
713,110.4026070675025
714,110.48598764149095
715,110.56928864143639
716,110.65251023802902
717,110.7356526012928
718,110.8187159005891
719,110.90170030462038
720,110.98460598143384
721,111.06743309842507
722,111.15018182234157
723,111.23285231928632
724,111.3154447547214
725,111.39795929347137
726,111.48039609972689
727,111.5627553370481
728,111.6450371683681
729,111.72724175599632
730,111.80936926162198
731,111.89141984631738
732,111.9733936705413
733,112.0552908941423
734,112.13711167636205
735,112.21885617583852
736,112.30052455060935
737,112.38211695811498
738,112.46363355520188
739,112.54507449812581
740,112.6264399425549
741,112.7077300435728
742,112.7889449556818
743,112.87008483280603
744,112.95114982829436
745,113.03214009492362
746,113.11305578490152
747,113.19389704986973
748,113.27466404090687
749,113.35535690853145
750,113.43597580270485
751,113.51652087283425
752,113.59699226777556
753,113.6773901358363
754,113.75771462477843
755,113.83796588182129
756,113.91814405364437
757,113.9982492863902
758,114.07828172566705
759,114.1582415165518
760,114.23812880359263
761,114.31794373081182
762,114.39768644170844
763,114.47735707926108
764,114.55695578593055
765,114.63648270366248
766,114.71593797389004
767,114.79532173753657
768,114.87463413501814
769,114.95387530624629
770,115.03304539063042
771,115.1121445270805
772,115.19117285400961
773,115.27013050933638
774,115.34901763048761
775,115.4278343544007
776,115.5065808175262
777,115.58525715583019
778,115.66386350479682
779,115.74239999943069
780,115.82086677425929
781,115.8992639633354
782,115.9775917002395
783,116.05585011808212
784,116.13403934950615
785,116.21215952668932
786,116.29021078134639
787,116.36819324473151
788,116.44610704764057
789,116.52395232041339
790,116.60172919293606
791,116.67943779464318
792,116.75707825452007
793,116.83465070110503
794,116.91215526249154
795,116.98959206633045
796,117.06696123983214
797,117.14426290976877
798,117.22149720247637
799,117.29866424385698
800,117.37576415938081
801,117.45279707408832
802,117.52976311259239
803,117.60666239908034
804,117.68349505731598
805,117.76026121064179
806,117.83696098198088
807,117.91359449383904
808,117.99016186830677
809,118.06666322706133
810,118.14309869136865
811,118.21946838208541
812,118.29577241966099
813,118.37201092413935
814,118.44818401516112
815,118.52429181196544
816,118.60033443339191
817,118.67631199788251
818,118.75222462348351
819,118.82807242784735
820,118.90385552823447
821,118.97957404151533
822,119.05522808417209
823,119.13081777230053
824,119.20634322161192
825,119.28180454743479
826,119.35720186471674
827,119.4325352880263
828,119.50780493155465
829,119.58301090911742
830,119.65815333415648
831,119.73323231974169
832,119.80824797857262
833,119.88320042298032
834,119.95808976492903
835,120.03291611601787
836,120.10767958748264
837,120.18238029019733
838,120.25701833467606
839,120.33159383107453
840,120.40610688919179
841,120.48055761847185
842,120.55494612800541
843,120.62927252653138
844,120.70353692243859
845,120.77773942376737
846,120.85188013821117
847,120.92595917311812
848,120.99997663549267
849,121.07393263199715
850,121.14782726895332
851,121.22166065234396
852,121.29543288781436
853,121.36914408067398
854,121.44279433589782
855,121.51638375812806
856,121.58991245167559
857,121.66338052052139
858,121.73678806831818
859,121.81013519839176
860,121.88342201374263
861,121.95664861704734
862,122.02981511066002
863,122.10292159661384
864,122.17596817662239
865,122.2489549520812
866,122.32188202406911
867,122.3947494933497
868,122.46755746037275
869,122.54030602527556
870,122.61299528788439
871,122.68562534771588
872,122.7581963039784
873,122.83070825557337
874,122.90316130109674
875,122.97555553884024
876,123.04789106679276
877,123.12016798264173
878,123.19238638377443
879,123.26454636727928
880,123.33664802994721
881,123.40869146827293
882,123.48067677845627
883,123.55260405640345
884,123.62447339772837
885,123.69628489775393
886,123.76803865151322
887,123.8397347537509
888,123.91137329892436
889,123.98295438120503
890,124.05447809447959
891,124.12594453235126
892,124.19735378814096
893,124.2687059548886
894,124.34000112535429
895,124.4112393920195
896,124.4824208470883
897,124.55354558248858
898,124.62461368987323
899,124.69562526062127
900,124.76658038583909
901,124.83747915636164
902,124.9083216627535
903,124.97910799531014
904,125.04983824405903
905,125.12051249876076
906,125.1911308489102
907,125.26169338373772
908,125.33220019221014
909,125.402651363032
910,125.47304698464661
911,125.54338714523719
912,125.61367193272794
913,125.68390143478516
914,125.75407573881832
915,125.82419493198117
916,125.89425910117282
917,125.96426833303879
918,126.03422271397208
919,126.10412233011427
920,126.17396726735652
921,126.24375761134064
922,126.31349344746019
923,126.38317486086142
924,126.45280193644437
925,126.52237475886389
926,126.59189341253068
927,126.66135798161221
928,126.7307685500339
929,126.80012520147994
930,126.86942801939442
931,126.93867708698231
932,127.00787248721038
933,127.07701430280825
934,127.14610261626935
935,127.21513750985191
936,127.28411906557987
937,127.35304736524397
938,127.42192249040252
939,127.49074452238254
940,127.5595135422806
941,127.6282296309638
942,127.69689286907071
943,127.76550333701228
944,127.83406111497278
945,127.90256628291078
946,127.97101892055996
947,128.0394191074301
948,128.10776692280797
949,128.1760624457583
950,128.24430575512454
951,128.31249692952986
952,128.38063604737803
953,128.44872318685427
954,128.51675842592616
955,128.58474184234453
956,128.65267351364432
957,128.72055351714536
958,128.78838192995346
959,128.856158828961
960,128.92388429084792
961,128.99155839208268
962,129.0591812089228
963,129.12675281741608
964,129.19427329340107
965,129.2617427125082
966,129.32916115016045
967,129.39652868157418
968,129.46384538176
969,129.53111132552363
970,129.59832658746652
971,129.66549124198693
972,129.73260536328047
973,129.79966902534113
974,129.86668230196184
975,129.9336452667355
976,130.00055799305565
977,130.06742055411715
978,130.1342330229172
979,130.20099547225584
980,130.26770797473705
981,130.3343706027692
982,130.40098342856598
983,130.4675465241471
984,130.53405996133915
985,130.60052381177624
986,130.66693814690075
987,130.73330303796416
988,130.7996185560277
989,130.86588477196318
990,130.93210175645362
991,130.9982695799941
992,131.06438831289233
993,131.13045802526958
994,131.19647878706115
995,131.26245066801735
996,131.32837373770397
997,131.3942480655032
998,131.46007372061416
999,131.52585077205373
1000,131.59157928865716
1001,131.6572593390788
1002,131.7228909917928
1003,131.78847431509382
1004,131.85400937709767
1005,131.91949624574195
1006,131.9849349887869
1007,132.05032567381588
1008,132.11566836823613
1009,132.18096313927944
1010,132.24621005400277
1011,132.31140917928903
1012,132.37656058184757
1013,132.44166432821498
1014,132.50672048475565
1015,132.57172911766241
1016,132.63669029295733
1017,132.70160407649215
1018,132.76647053394905
1019,132.8312897308413
1020,132.89606173251372
1021,132.9607866041436
1022,133.02546441074108
1023,133.09009521714984
1024,133.15467908804783
1025,133.21921608794767
1026,133.28370628119754
1027,133.34814973198158
1028,133.41254650432052
1029,133.4768966620724
1030,133.5412002689331
1031,133.60545738843695
1032,133.66966808395728
1033,133.7338324187071
1034,133.79795045573968
1035,133.86202225794906
1036,133.9260478880707
1037,133.99002740868212
1038,134.0539608822033
1039,134.1178483708975
1040,134.18168993687158
1041,134.24548564207677
1042,134.30923554830918
1043,134.37293971721036
1044,134.43659821026785
1045,134.50021108881572
1046,134.56377841403523
1047,134.6273002469553
1048,134.69077664845307
1049,134.75420767925448
1050,134.8175933999348
1051,134.8809338709192
1052,134.94422915248327
1053,135.00747930475356
1054,135.07068438770816
1055,135.13384446117715
1056,135.19695958484326
1057,135.2600298182423
1058,135.32305522076368
1059,135.386035851651
1060,135.44897177000263
1061,135.511863034772
1062,135.5747097047684
1063,135.63751183865733
1064,135.70026949496102
1065,135.76298273205902
1066,135.82565160818862
1067,135.88827618144546
1068,135.9508565097839
1069,136.01339265101768
1070,136.0758846628203
1071,136.13833260272557
1072,136.20073652812803
1073,136.26309649628365
1074,136.32541256431006
1075,136.38768478918718
1076,136.44991322775772
1077,136.5120979367276
1078,136.5742389726665
1079,136.63633639200822
1080,136.69839025105136
1081,136.76040060595963
1082,136.8223675127623
1083,136.8842910273548
1084,136.9461712054992
1085,137.00800810282448
1086,137.06980177482723
1087,137.13155227687196
1088,137.19325966419163
1089,137.25492399188803
1090,137.3165453149324
1091,137.3781236881657
1092,137.43965916629915
1093,137.50115180391472
1094,137.56260165546553
1095,137.6240087752762
1096,137.68537321754354
1097,137.74669503633677
1098,137.80797428559802
1099,137.86921101914285
1100,137.93040529066056
1101,137.99155715371478
1102,138.0526666617437
1103,138.11373386806068
1104,138.17475882585464
1105,138.2357415881904
1106,138.29668220800917
1107,138.35758073812906
1108,138.4184372312453
1109,138.47925173993082
1110,138.54002431663662
1111,138.6007550136922
1112,138.66144388330594
1113,138.72209097756553
1114,138.7826963484384
1115,138.8432600477721
1116,138.90378212729473
1117,138.96426263861534
1118,139.02470163322434
1119,139.08509916249383
1120,139.1454552776781
1121,139.20577002991405
1122,139.26604347022143
1123,139.3262756495034
1124,139.3864666185468
1125,139.4466164280226
1126,139.50672512848632
1127,139.56679277037844
1128,139.62681940402456
1129,139.68680507963614
1130,139.74674984731055
1131,139.8066537570317
1132,139.86651685867028
1133,139.92633920198415
1134,139.98612083661882
1135,140.04586181210766
1136,140.10556217787243
1137,140.16522198322355
1138,140.22484127736053
1139,140.28442010937226
1140,140.3439585282375
1141,140.4034565828251
1142,140.46291432189452
1143,140.522331794096
1144,140.5817090479712
1145,140.6410461319532
1146,140.70034309436718
1147,140.7595999834306
1148,140.8188168472536
1149,140.87799373383933
1150,140.93713069108438
1151,140.99622776677904
1152,141.05528500860765
1153,141.114302464149
1154,141.17328018087676
1155,141.23221820615953
1156,141.29111658726154
1157,141.34997537134268
1158,141.40879460545912
1159,141.46757433656344
1160,141.52631461150503
1161,141.58501547703045
1162,141.64367697978378
1163,141.70229916630686
1164,141.76088208303972
1165,141.8194257763209
1166,141.87793029238773
1167,141.93639567737662
1168,141.9948219773235
1169,142.05320923816416
1170,142.11155750573437
1171,142.1698668257704
1172,142.2281372439093
1173,142.2863688056891
1174,142.34456155654937
1175,142.40271554183124
1176,142.460830806778
1177,142.51890739653513
1178,142.5769453561509
1179,142.63494473057648
1180,142.6929055646663
1181,142.75082790317836
1182,142.80871179077465
1183,142.86655727202123
1184,142.9243643913887
1185,142.98213319325254
1186,143.0398637218932
1187,143.09755602149664
1188,143.15521013615452
1189,143.21282610986444
1190,143.2704039865304
1191,143.32794380996293
1192,143.3854456238795
1193,143.44290947190467
1194,143.50033539757064
1195,143.55772344431725
1196,143.6150736554925
1197,143.6723860743527
1198,143.72966074406276
1199,143.78689770769657
1200,143.84409700823724
1201,143.9012586885774
1202,143.9583827915194
1203,144.0154693597757
1204,144.07251843596902
1205,144.12953006263285
1206,144.1865042822115
1207,144.24344113706044
1208,144.30034066944665
1209,144.35720292154883
1210,144.4140279354577
1211,144.47081575317625
1212,144.52756641661998
1213,144.58427996761728
1214,144.64095644790962
1215,144.69759589915176
1216,144.75419836291226
1217,144.81076388067345
1218,144.86729249383185
1219,144.92378424369838
1220,144.9802391714987
1221,145.03665731837347
1222,145.09303872537845
1223,145.14938343348496
1224,145.20569148358004
1225,145.26196291646673
1226,145.31819777286427
1227,145.3743960934085
1228,145.430557918652
1229,145.4866832890643
1230,145.5427722450323
1231,145.59882482686035
1232,145.65484107477062
1233,145.7108210289033
1234,145.7667647293168
1235,145.82267221598818
1236,145.87854352881317
1237,145.93437870760647
1238,145.99017779210223
1239,146.04594082195396
1240,146.10166783673495
1241,146.1573588759385
1242,146.21301397897815
1243,146.2686331851879
1244,146.32421653382252
1245,146.37976406405764
1246,146.4352758149902
1247,146.49075182563845
1248,146.5461921349424
1249,146.60159678176393
1250,146.65696580488708
1251,146.7122992430182
1252,146.7675971347863
1253,146.82285951874326
1254,146.87808643336385
1255,146.93327791704635
1256,146.98843400811245
1257,147.0435547448076
1258,147.0986401653013
1259,147.1536903076871
1260,147.20870520998315
1261,147.26368491013216
1262,147.31862944600172
1263,147.37353885538457
1264,147.42841317599874
1265,147.48325244548784
1266,147.53805670142117
1267,147.59282598129408
1268,147.6475603225281
1269,147.7022597624712
1270,147.75692433839794
1271,147.8115540875098
1272,147.86614904693528
1273,147.92070925373017
1274,147.97523474487772
1275,148.02972555728903
1276,148.08418172780299
1277,148.13860329318666
1278,148.19299029013544
1279,148.24734275527325
1280,148.30166072515286
1281,148.35594423625594
1282,148.41019332499332
1283,148.4644080277053
1284,148.51858838066173
1285,148.57273442006218
1286,148.6268461820363
1287,148.68092370264398
1288,148.7349670178754
1289,148.7889761636514
1290,148.84295117582366
1291,148.89689209017482
1292,148.95079894241874
1293,149.00467176820075
1294,149.05851060309766
1295,149.11231548261816
1296,149.1660864422029
1297,149.2198235172248
1298,149.27352674298908
1299,149.32719615473363
1300,149.38083178762903
1301,149.4344336767789
1302,149.48800185721996
1303,149.54153636392232
1304,149.59503723178963
1305,149.6485044956593
1306,149.70193819030266
1307,149.75533835042506
1308,149.80870501066627
1309,149.8620382056005
1310,149.91533796973667
1311,149.96860433751846
1312,150.02183734332476
1313,150.0750370214695
1314,150.1282034062022
1315,150.18133653170787
1316,150.23443643210732
1317,150.28750314145736
1318,150.34053669375092
1319,150.39353712291722
1320,150.44650446282205
1321,150.49943874726785
1322,150.55234000999394
1323,150.60520828467665
1324,150.6580436049295
1325,150.7108460043035
1326,150.76361551628713
1327,150.81635217430673
1328,150.86905601172646
1329,150.92172706184857
1330,150.97436535791365
1331,151.0269709331007
1332,151.07954382052728
1333,151.13208405324986
1334,151.1845916642637
1335,151.23706668650337
1336,151.28950915284256
1337,151.3419190960945
1338,151.39429654901213
1339,151.44664154428804
1340,151.49895411455492
1341,151.5512342923855
1342,151.6034821102929
1343,151.65569760073058
1344,151.70788079609275
1345,151.7600317287144
1346,151.81215043087144
1347,151.86423693478093
1348,151.91629127260114
1349,151.9683134764319
1350,152.02030357831455
1351,152.0722616102323
1352,152.1241876041102
1353,152.17608159181546
1354,152.22794360515744
1355,152.279773675888
1356,152.33157183570157
1357,152.38333811623522
1358,152.43507254906893
1359,152.4867751657258
1360,152.53844599767194
1361,152.59008507631702
1362,152.64169243301404
1363,152.69326809905974
1364,152.74481210569468
1365,152.79632448410334
1366,152.84780526541428
1367,152.8992544807004
1368,152.95067216097897
1369,153.00205833721185
1370,153.05341304030563
1371,153.10473630111173
1372,153.1560281504266
1373,153.2072886189919
1374,153.25851773749454
1375,153.30971553656693
1376,153.36088204678703
1377,153.4120172986787
1378,153.46312132271152
1379,153.51419414930123
1380,153.56523580880972
1381,153.61624633154528
1382,153.66722574776261
1383,153.71817408766302
1384,153.76909138139465
1385,153.81997765905254
1386,153.8708329506788
1387,153.9216572862626
1388,153.97245069574063
1389,154.02321320899696
1390,154.07394485586332
1391,154.1246456661191
1392,154.17531566949168
1393,154.22595489565649
1394,154.276563374237
1395,154.3271411348052
1396,154.37768820688132
1397,154.42820461993423
1398,154.47869040338165
1399,154.52914558658998
1400,154.5795701988747
1401,154.62996426950045
1402,154.680327827681
1403,154.73066090257967
1404,154.7809635233092
1405,154.83123571893202
1406,154.88147751846043
1407,154.9316889508565
1408,154.9818700450325
1409,155.03202082985084
1410,155.0821413341242
1411,155.13223158661583
1412,155.18229161603944
1413,155.2323214510595
1414,155.28232112029133
1415,155.3322906523012
1416,155.38223007560643
1417,155.4321394186757
1418,155.48201870992887
1419,155.53186797773742
1420,155.58168725042438
1421,155.63147655626446
1422,155.6812359234843
1423,155.73096538026252
1424,155.78066495472973
1425,155.83033467496895
1426,155.87997456901542
1427,155.9295846648569
1428,155.97916499043373
1429,156.02871557363903
1430,156.0782364423187
1431,156.12772762427167
1432,156.17718914724992
1433,156.2266210389586
1434,156.27602332705624
1435,156.32539603915484
1436,156.37473920281997
1437,156.4240528455708
1438,156.47333699488038
1439,156.5225916781757
1440,156.5718169228378
1441,156.62101275620182
1442,156.67017920555722
1443,156.71931629814785
1444,156.7684240611721
1445,156.81750252178296
1446,156.86655170708818
1447,156.91557164415036
1448,156.96456235998707
1449,157.01352388157105
1450,157.0624562358301
1451,157.11135944964747
1452,157.16023354986177
1453,157.20907856326724
1454,157.25789451661365
1455,157.30668143660662
1456,157.35543934990773
1457,157.4041682831344
1458,157.45286826286025
1459,157.50153931561508
1460,157.55018146788507
1461,157.59879474611276
1462,157.6473791766973
1463,157.69593478599455
1464,157.744461600317
1465,157.7929596459341
1466,157.8414289490723
1467,157.88986953591507
1468,157.93828143260313
1469,157.98666466523457
1470,158.03501925986475
1471,158.08334524250668
1472,158.13164263913092
1473,158.1799114756658
1474,158.22815177799748
1475,158.27636357197008
1476,158.32454688338575
1477,158.3727017380048
1478,158.42082816154578
1479,158.46892617968564
1480,158.51699581805977
1481,158.56503710226218
1482,158.61305005784544
1483,158.66103471032105
1484,158.70899108515923
1485,158.75691920778928
1486,158.80481910359956
1487,158.8526907979376
1488,158.90053431611025
1489,158.94834968338367
1490,158.99613692498355
1491,159.0438960660952
1492,159.0916271318635
1493,159.13933014739328
1494,159.1870051377491
1495,159.2346521279556
1496,159.28227114299742
1497,159.32986220781945
1498,159.37742534732678
1499,159.42496058638497
1500,159.47246794981996
1501,159.5199474624183
1502,159.56739914892717
1503,159.61482303405458
1504,159.66221914246935
1505,159.7095874988012
1506,159.75692812764098
1507,159.8042410535406
1508,159.8515263010133
1509,159.8987838945336
1510,159.94601385853744
1511,159.99321621742226
1512,160.04039099554714
1513,160.08753821723286
1514,160.13465790676202
1515,160.18175008837906
1516,160.22881478629046
1517,160.2758520246647
1518,160.32286182763244
1519,160.3698442192867
1520,160.41679922368274
1521,160.4637268648383
1522,160.5106271667336
1523,160.55750015331157
1524,160.6043458484778
1525,160.65116427610067
1526,160.69795546001149
1527,160.74471942400447
1528,160.79145619183697
1529,160.83816578722949
1530,160.8848482338657
1531,160.93150355539274
1532,160.978131775421
1533,161.02473291752455
1534,161.07130700524093
1535,161.1178540620714
1536,161.164374111481
1537,161.21086717689866
1538,161.25733328171717
1539,161.30377244929335
1540,161.3501847029482
1541,161.39657006596693
1542,161.4429285615989
1543,161.489260213058
1544,161.53556504352244
1545,161.5818430761351
1546,161.62809433400332
1547,161.6743188401993
1548,161.7205166177599
1549,161.76668768968693
1550,161.8128320789471
1551,161.85894980847226
1552,161.90504090115923
1553,161.95110537987017
1554,161.99714326743245
1555,162.04315458663876
1556,162.08913936024732
1557,162.1350976109819
1558,162.18102936153173
1559,162.22693463455192
1560,162.2728134526632
1561,162.31866583845223
1562,162.3644918144716
1563,162.41029140323982
1564,162.4560646272416
1565,162.5018115089278
1566,162.54753207071545
1567,162.59322633498795
1568,162.63889432409513
1569,162.6845360603533
1570,162.7301515660453
1571,162.7757408634206
1572,162.82130397469547
1573,162.86684092205286
1574,162.91235172764266
1575,162.95783641358165
1576,163.00329500195375
1577,163.04872751480985
1578,163.0941339741681
1579,163.13951440201387
1580,163.1848688202998
1581,163.2301972509461
1582,163.27549971584028
1583,163.3207762368375
1584,163.36602683576052
1585,163.41125153439984
1586,163.45645035451366
1587,163.5016233178281
1588,163.5467704460372
1589,163.59189176080295
1590,163.63698728375547
1591,163.68205703649298
1592,163.72710104058194
1593,163.77211931755716
1594,163.8171118889217
1595,163.8620787761471
1596,163.90702000067344
1597,163.95193558390937
1598,163.9968255472322
1599,164.0416899119879
1600,164.0865286994913
1601,164.1313419310261
1602,164.1761296278449
1603,164.22089181116925
1604,164.26562850218997
1605,164.31033972206686
1606,164.35502549192896
1607,164.39968583287464
1608,164.4443207659716
1609,164.488930312257
1610,164.53351449273745
1611,164.5780733283892
1612,164.62260684015797
1613,164.6671150489594
1614,164.71159797567876
1615,164.75605564117114
1616,164.8004880662617
1617,164.84489527174532
1618,164.8892772783872
1619,164.9336341069224
1620,164.97796577805636
1621,165.02227231246465
1622,165.06655373079312
1623,165.1108100536581
1624,165.15504130164632
1625,165.19924749531498
1626,165.2434286551919
1627,165.28758480177552
1628,165.33171595553503
1629,165.3758221369103
1630,165.41990336631216
1631,165.46395966412217
1632,165.50799105069305
1633,165.55199754634845
1634,165.59597917138314
1635,165.63993594606296
1636,165.68386789062515
1637,165.72777502527808
1638,165.77165737020155
1639,165.81551494554677
1640,165.85934777143638
1641,165.90315586796464
1642,165.94693925519738
1643,165.99069795317203
1644,166.03443198189785
1645,166.07814136135582
1646,166.12182611149888
1647,166.16548625225172
1648,166.20912180351118
1649,166.252732785146
1650,166.29631921699715
1651,166.33988111887763
1652,166.38341851057274
1653,166.4269314118401
1654,166.4704198424096
1655,166.5138838219835
1656,166.55732337023673
1657,166.6007385068165
1658,166.64412925134278
1659,166.6874956234081
1660,166.7308376425777
1661,166.77415532838967
1662,166.81744870035482
1663,166.8607177779569
1664,166.90396258065257
1665,166.94718312787157
1666,166.99037943901658
1667,167.0335515334635
1668,167.0766994305614
1669,167.1198231496325
1670,167.16292270997246
1671,167.20599813085016
1672,167.24904943150798
1673,167.2920766311617
1674,167.33507974900067
1675,167.3780588041878
1676,167.42101381585962
1677,167.46394480312642
1678,167.5068517850722
1679,167.5497347807548
1680,167.59259380920585
1681,167.635428889431
1682,167.67824004040986
1683,167.72102728109599
1684,167.76379063041716
1685,167.8065301072752
1686,167.84924573054613
1687,167.89193751908033
1688,167.93460549170243
1689,167.97724966721137
1690,168.0198700643806
1691,168.06246670195802
1692,168.10503959866602
1693,168.14758877320168
1694,168.19011424423655
1695,168.23261603041706
1696,168.27509415036428
1697,168.31754862267408
1698,168.3599794659172
1699,168.40238669863933
1700,168.44477033936113
1701,168.48713040657813
1702,168.5294669187611
1703,168.57177989435584
1704,168.61406935178337
1705,168.65633530943987
1706,168.69857778569687
1707,168.7407967989012
1708,168.78299236737507
1709,168.82516450941617
1710,168.86731324329756
1711,168.909438587268
1712,168.9515405595517
1713,168.99361917834855
1714,169.0356744618342
1715,169.07770642815996
1716,169.119715095453
1717,169.1617004818163
1718,169.2036626053287
1719,169.24560148404507
1720,169.28751713599624
1721,169.32940957918905
1722,169.3712788316065
1723,169.4131249112077
1724,169.45494783592792
1725,169.4967476236788
1726,169.53852429234814
1727,169.58027785980022
1728,169.62200834387556
1729,169.66371576239126
1730,169.7054001331409
1731,169.7470614738945
1732,169.78869980239872
1733,169.83031513637695
1734,169.87190749352914
1735,169.91347689153204
1736,169.9550233480392
1737,169.996546880681
1738,170.03804750706462
1739,170.0795252447743
1740,170.12098011137113
1741,170.16241212439334
1742,170.2038213013562
1743,170.24520765975197
1744,170.28657121705024
1745,170.3279119906978
1746,170.36922999811864
1747,170.410525256714
1748,170.45179778386265
1749,170.4930475969206
1750,170.53427471322138
1751,170.575479150076
1752,170.61666092477302
1753,170.65782005457854
1754,170.6989565567364
1755,170.74007044846795
1756,170.78116174697243
1757,170.82223046942676
1758,170.86327663298565
1759,170.90430025478176
1760,170.94530135192556
1761,170.98627994150556
1762,171.02723604058818
1763,171.06816966621793
1764,171.1090808354174
1765,171.14996956518726
1766,171.19083587250643
1767,171.231679774332
1768,171.27250128759934
1769,171.31330042922207
1770,171.35407721609226
1771,171.3948316650803
1772,171.43556379303502
1773,171.47627361678377
1774,171.51696115313237
1775,171.55762641886525
1776,171.59826943074546
1777,171.63889020551468
1778,171.67948875989327
1779,171.72006511058035
1780,171.76061927425386
1781,171.80115126757048
1782,171.8416611071658
1783,171.88214880965438
1784,171.92261439162965
1785,171.96305786966408
1786,172.00347926030918
1787,172.04387858009548
1788,172.08425584553268
1789,172.12461107310966
1790,172.16494427929447
1791,172.2052554805344
1792,172.24554469325602
1793,172.28581193386535
1794,172.3260572187476
1795,172.3662805642675
1796,172.4064819867692
1797,172.44666150257638
1798,172.4868191279922
1799,172.5269548792994
1800,172.56706877276042
1801,172.60716082461724
1802,172.64723105109158
1803,172.68727946838493
1804,172.7273060926785
1805,172.76731094013337
1806,172.80729402689047
1807,172.84725536907055
1808,172.88719498277445
1809,172.92711288408285
1810,172.96700908905646
1811,173.00688361373608
1812,173.04673647414262
1813,173.08656768627708
1814,173.12637726612067
1815,173.16616522963477
1816,173.20593159276103
1817,173.24567637142144
1818,173.28539958151825
1819,173.32510123893408
1820,173.364781359532
1821,173.40443995915547
1822,173.4440770536285
1823,173.48369265875556
1824,173.52328679032163
1825,173.56285946409247
1826,173.60241069581426
1827,173.641940501214
1828,173.68144889599932
1829,173.72093589585864
1830,173.76040151646117
1831,173.7998457734569
1832,173.8392686824767
1833,173.8786702591323
1834,173.91805051901645
1835,173.9574094777028
1836,173.99674715074605
1837,174.03606355368194
1838,174.07535870202722
1839,174.11463261127983
1840,174.15388529691884
1841,174.19311677440456
1842,174.23232705917846
1843,174.27151616666328
1844,174.31068411226312
1845,174.3498309113633
1846,174.38895657933068
1847,174.42806113151337
1848,174.467144583241
1849,174.50620694982467
1850,174.545248246557
1851,174.58426848871215
1852,174.62326769154583
1853,174.66224587029546
1854,174.70120304018005
1855,174.74013921640028
1856,174.77905441413864
1857,174.8179486485593
1858,174.85682193480827
1859,174.8956742880134
1860,174.93450572328436
1861,174.97331625571275
1862,175.0121059003721
1863,175.05087467231795
1864,175.08962258658775
1865,175.12834965820107
1866,175.16705590215957
1867,175.2057413334469
1868,175.24440596702897
1869,175.28304981785382
1870,175.32167290085167
1871,175.36027523093503
1872,175.39885682299868
1873,175.43741769191965
1874,175.4759578525574
1875,175.51447731975367
1876,175.5529761083327
1877,175.59145423310116
1878,175.6299117088481
1879,175.66834855034526
1880,175.7067647723467
1881,175.74516038958922
1882,175.78353541679215
1883,175.82188986865754
1884,175.86022375987
1885,175.89853710509695
1886,175.93682991898848
1887,175.97510221617745
1888,176.0133540112796
1889,176.0515853188934
1890,176.08979615360028
1891,176.12798652996452
1892,176.1661564625333
1893,176.20430596583685
1894,176.24243505438832
1895,176.28054374268396
1896,176.31863204520297
1897,176.35669997640778
1898,176.39474755074383
1899,176.4327747826397
1900,176.4707816865073
1901,176.50876827674162
1902,176.5467345677209
1903,176.58468057380676
1904,176.62260630934404
1905,176.66051178866093
1906,176.69839702606905
1907,176.73626203586335
1908,176.77410683232225
1909,176.81193142970764
1910,176.84973584226486
1911,176.8875200842228
1912,176.925284169794
1913,176.96302811317437
1914,177.00075192854368
1915,177.03845563006516
1916,177.07613923188583
1917,177.1138027481363
1918,177.15144619293105
1919,177.18906958036823
1920,177.22667292452982
1921,177.26425623948168
1922,177.3018195392734
1923,177.3393628379386
1924,177.37688614949468
1925,177.41438948794305
1926,177.45187286726915
1927,177.4893363014423
1928,177.52677980441592
1929,177.56420339012755
1930,177.60160707249867
1931,177.638990865435
1932,177.6763547828264
1933,177.71369883854683
1934,177.75102304645455
1935,177.78832742039202
1936,177.82561197418596
1937,177.86287672164735
1938,177.90012167657153
1939,177.9373468527382
1940,177.9745522639114
1941,178.01173792383958
1942,178.04890384625566
1943,178.086050044877
1944,178.12317653340548
1945,178.16028332552744
1946,178.19737043491384
1947,178.23443787522012
1948,178.2714856600864
1949,178.3085138031374
1950,178.3455223179825
1951,178.3825112182158
1952,178.41948051741608
1953,178.4564302291468
1954,178.49336036695635
1955,178.53027094437775
1956,178.56716197492898
1957,178.60403347211275
1958,178.64088544941671
1959,178.67771792031343
1960,178.7145308982604
1961,178.7513243967
1962,178.7880984290597
1963,178.82485300875192
1964,178.86158814917417
1965,178.89830386370895
1966,178.9350001657239
1967,178.97167706857178
1968,179.00833458559052
1969,179.04497273010315
1970,179.08159151541798
1971,179.11819095482846
1972,179.1547710616134
1973,179.19133184903677
1974,179.22787333034793
1975,179.26439551878155
1976,179.30089842755766
1977,179.33738206988164
1978,179.37384645894426
1979,179.41029160792178
1980,179.44671752997596
1981,179.48312423825396
1982,179.51951174588845
1983,179.55588006599766
1984,179.5922292116854
1985,179.6285591960411
1986,179.66487003213973
1987,179.7011617330419
1988,179.73743431179395
1989,179.77368778142784
1990,179.80992215496127
1991,179.84613744539772
1992,179.88233366572638
1993,179.91851082892222
1994,179.9546689479461
1995,179.99080803574464
1996,180.02692810525036
1997,180.06302916938168
1998,180.0991112410429
1999,180.1351743331243
